2024-06-06T17:07:31.902-0500 [DEBUG] [org.gradle.launcher.daemon.bootstrap.DaemonMain] Assuming the daemon was started with following jvm opts: [--add-opens, java.base/java.util=ALL-UNNAMED, --add-opens, java.base/java.lang=ALL-UNNAMED, --add-opens, java.base/java.lang.invoke=ALL-UNNAMED, --add-opens, java.base/java.util=ALL-UNNAMED, --add-opens, java.prefs/java.util.prefs=ALL-UNNAMED, --add-opens, java.prefs/java.util.prefs=ALL-UNNAMED, --add-opens, java.base/java.nio.charset=ALL-UNNAMED, --add-opens, java.base/java.net=ALL-UNNAMED, --add-opens, java.base/java.util.concurrent.atomic=ALL-UNNAMED, -Xmx4096m, -Dfile.encoding=UTF-8, -Duser.country=MX, -Duser.language=en, -Duser.variant]
2024-06-06T17:07:32.088-0500 [INFO] [org.gradle.launcher.daemon.server.Daemon] start() called on daemon - DefaultDaemonContext[uid=bf65fa1e-52e8-4b56-a871-74da22f3df88,javaHome=/Applications/Unity/Hub/Editor/2022.3.22f1/PlaybackEngines/AndroidPlayer/OpenJDK,daemonRegistryDir=/Users/victoriamarin/.gradle/daemon,pid=19198,idleTimeout=10800000,priority=NORMAL,daemonOpts=--add-opens,java.base/java.util=ALL-UNNAMED,--add-opens,java.base/java.lang=ALL-UNNAMED,--add-opens,java.base/java.lang.invoke=ALL-UNNAMED,--add-opens,java.base/java.util=ALL-UNNAMED,--add-opens,java.prefs/java.util.prefs=ALL-UNNAMED,--add-opens,java.prefs/java.util.prefs=ALL-UNNAMED,--add-opens,java.base/java.nio.charset=ALL-UNNAMED,--add-opens,java.base/java.net=ALL-UNNAMED,--add-opens,java.base/java.util.concurrent.atomic=ALL-UNNAMED,-Xmx4096m,-Dfile.encoding=UTF-8,-Duser.country=MX,-Duser.language=en,-Duser.variant]
2024-06-06T17:07:32.111-0500 [DEBUG] [org.gradle.internal.remote.internal.inet.InetAddresses] Adding IP addresses for network interface utun5
2024-06-06T17:07:32.112-0500 [DEBUG] [org.gradle.internal.remote.internal.inet.InetAddresses] Is this a loopback interface? false
2024-06-06T17:07:32.112-0500 [DEBUG] [org.gradle.internal.remote.internal.inet.InetAddresses] Adding remote address /fe80:0:0:0:55db:b78f:c418:c3ea%utun5
2024-06-06T17:07:32.112-0500 [DEBUG] [org.gradle.internal.remote.internal.inet.InetAddresses] Adding IP addresses for network interface utun4
2024-06-06T17:07:32.112-0500 [DEBUG] [org.gradle.internal.remote.internal.inet.InetAddresses] Is this a loopback interface? false
2024-06-06T17:07:32.113-0500 [DEBUG] [org.gradle.internal.remote.internal.inet.InetAddresses] Adding remote address /fe80:0:0:0:4b30:7c8d:c69a:b081%utun4
2024-06-06T17:07:32.114-0500 [DEBUG] [org.gradle.internal.remote.internal.inet.InetAddresses] Adding IP addresses for network interface utun3
2024-06-06T17:07:32.114-0500 [DEBUG] [org.gradle.internal.remote.internal.inet.InetAddresses] Is this a loopback interface? false
2024-06-06T17:07:32.114-0500 [DEBUG] [org.gradle.internal.remote.internal.inet.InetAddresses] Adding remote address /fe80:0:0:0:ce81:b1c:bd2c:69e%utun3
2024-06-06T17:07:32.115-0500 [DEBUG] [org.gradle.internal.remote.internal.inet.InetAddresses] Adding IP addresses for network interface utun2
2024-06-06T17:07:32.115-0500 [DEBUG] [org.gradle.internal.remote.internal.inet.InetAddresses] Is this a loopback interface? false
2024-06-06T17:07:32.115-0500 [DEBUG] [org.gradle.internal.remote.internal.inet.InetAddresses] Adding remote address /fe80:0:0:0:587b:3fc0:2521:e279%utun2
2024-06-06T17:07:32.115-0500 [DEBUG] [org.gradle.internal.remote.internal.inet.InetAddresses] Adding IP addresses for network interface utun1
2024-06-06T17:07:32.116-0500 [DEBUG] [org.gradle.internal.remote.internal.inet.InetAddresses] Is this a loopback interface? false
2024-06-06T17:07:32.116-0500 [DEBUG] [org.gradle.internal.remote.internal.inet.InetAddresses] Adding remote address /fe80:0:0:0:c82:e05a:d1fe:950c%utun1
2024-06-06T17:07:32.117-0500 [DEBUG] [org.gradle.internal.remote.internal.inet.InetAddresses] Adding IP addresses for network interface utun0
2024-06-06T17:07:32.117-0500 [DEBUG] [org.gradle.internal.remote.internal.inet.InetAddresses] Is this a loopback interface? false
2024-06-06T17:07:32.118-0500 [DEBUG] [org.gradle.internal.remote.internal.inet.InetAddresses] Adding remote address /fe80:0:0:0:1dff:96e4:92ec:de4e%utun0
2024-06-06T17:07:32.118-0500 [DEBUG] [org.gradle.internal.remote.internal.inet.InetAddresses] Adding IP addresses for network interface llw0
2024-06-06T17:07:32.118-0500 [DEBUG] [org.gradle.internal.remote.internal.inet.InetAddresses] Is this a loopback interface? false
2024-06-06T17:07:32.118-0500 [DEBUG] [org.gradle.internal.remote.internal.inet.InetAddresses] Adding remote address /fe80:0:0:0:bcb5:90ff:fe25:324a%llw0
2024-06-06T17:07:32.118-0500 [DEBUG] [org.gradle.internal.remote.internal.inet.InetAddresses] Adding IP addresses for network interface awdl0
2024-06-06T17:07:32.118-0500 [DEBUG] [org.gradle.internal.remote.internal.inet.InetAddresses] Is this a loopback interface? false
2024-06-06T17:07:32.119-0500 [DEBUG] [org.gradle.internal.remote.internal.inet.InetAddresses] Adding remote address /fe80:0:0:0:bcb5:90ff:fe25:324a%awdl0
2024-06-06T17:07:32.119-0500 [DEBUG] [org.gradle.internal.remote.internal.inet.InetAddresses] Adding IP addresses for network interface ap1
2024-06-06T17:07:32.119-0500 [DEBUG] [org.gradle.internal.remote.internal.inet.InetAddresses] Is this a loopback interface? false
2024-06-06T17:07:32.119-0500 [DEBUG] [org.gradle.internal.remote.internal.inet.InetAddresses] Adding remote address /fe80:0:0:0:bc3e:53ff:fe84:4ce0%ap1
2024-06-06T17:07:32.120-0500 [DEBUG] [org.gradle.internal.remote.internal.inet.InetAddresses] Adding IP addresses for network interface en0
2024-06-06T17:07:32.120-0500 [DEBUG] [org.gradle.internal.remote.internal.inet.InetAddresses] Is this a loopback interface? false
2024-06-06T17:07:32.120-0500 [DEBUG] [org.gradle.internal.remote.internal.inet.InetAddresses] Adding remote address /fe80:0:0:0:1cb6:d7f5:c99b:a1ef%en0
2024-06-06T17:07:32.121-0500 [DEBUG] [org.gradle.internal.remote.internal.inet.InetAddresses] Adding remote address /10.22.176.102
2024-06-06T17:07:32.121-0500 [DEBUG] [org.gradle.internal.remote.internal.inet.InetAddresses] Adding IP addresses for network interface lo0
2024-06-06T17:07:32.121-0500 [DEBUG] [org.gradle.internal.remote.internal.inet.InetAddresses] Is this a loopback interface? true
2024-06-06T17:07:32.121-0500 [DEBUG] [org.gradle.internal.remote.internal.inet.InetAddresses] Ignoring remote address on loopback interface /fe80:0:0:0:0:0:0:1%lo0
2024-06-06T17:07:32.121-0500 [DEBUG] [org.gradle.internal.remote.internal.inet.InetAddresses] Adding loopback address /0:0:0:0:0:0:0:1%lo0
2024-06-06T17:07:32.121-0500 [DEBUG] [org.gradle.internal.remote.internal.inet.InetAddresses] Adding loopback address /127.0.0.1
2024-06-06T17:07:32.125-0500 [DEBUG] [org.gradle.internal.remote.internal.inet.TcpIncomingConnector] Listening on [b05bccea-4b99-43d7-aa15-fac7a48638b2 port:51633, addresses:[localhost/127.0.0.1]].
2024-06-06T17:07:32.136-0500 [DEBUG] [org.gradle.launcher.daemon.server.Daemon] Daemon starting at: Thu Jun 06 17:07:32 CDT 2024, with address: [b05bccea-4b99-43d7-aa15-fac7a48638b2 port:51633, addresses:[localhost/127.0.0.1]]
2024-06-06T17:07:32.136-0500 [INFO] [org.gradle.launcher.daemon.server.DaemonRegistryUpdater] Advertising the daemon address to the clients: [b05bccea-4b99-43d7-aa15-fac7a48638b2 port:51633, addresses:[localhost/127.0.0.1]]
2024-06-06T17:07:32.137-0500 [DEBUG] [org.gradle.launcher.daemon.server.DaemonRegistryUpdater] Advertised daemon context: DefaultDaemonContext[uid=bf65fa1e-52e8-4b56-a871-74da22f3df88,javaHome=/Applications/Unity/Hub/Editor/2022.3.22f1/PlaybackEngines/AndroidPlayer/OpenJDK,daemonRegistryDir=/Users/victoriamarin/.gradle/daemon,pid=19198,idleTimeout=10800000,priority=NORMAL,daemonOpts=--add-opens,java.base/java.util=ALL-UNNAMED,--add-opens,java.base/java.lang=ALL-UNNAMED,--add-opens,java.base/java.lang.invoke=ALL-UNNAMED,--add-opens,java.base/java.util=ALL-UNNAMED,--add-opens,java.prefs/java.util.prefs=ALL-UNNAMED,--add-opens,java.prefs/java.util.prefs=ALL-UNNAMED,--add-opens,java.base/java.nio.charset=ALL-UNNAMED,--add-opens,java.base/java.net=ALL-UNNAMED,--add-opens,java.base/java.util.concurrent.atomic=ALL-UNNAMED,-Xmx4096m,-Dfile.encoding=UTF-8,-Duser.country=MX,-Duser.language=en,-Duser.variant]
2024-06-06T17:07:32.139-0500 [DEBUG] [org.gradle.launcher.daemon.registry.PersistentDaemonRegistry] Storing daemon address: [b05bccea-4b99-43d7-aa15-fac7a48638b2 port:51633, addresses:[localhost/127.0.0.1]], context: DefaultDaemonContext[uid=bf65fa1e-52e8-4b56-a871-74da22f3df88,javaHome=/Applications/Unity/Hub/Editor/2022.3.22f1/PlaybackEngines/AndroidPlayer/OpenJDK,daemonRegistryDir=/Users/victoriamarin/.gradle/daemon,pid=19198,idleTimeout=10800000,priority=NORMAL,daemonOpts=--add-opens,java.base/java.util=ALL-UNNAMED,--add-opens,java.base/java.lang=ALL-UNNAMED,--add-opens,java.base/java.lang.invoke=ALL-UNNAMED,--add-opens,java.base/java.util=ALL-UNNAMED,--add-opens,java.prefs/java.util.prefs=ALL-UNNAMED,--add-opens,java.prefs/java.util.prefs=ALL-UNNAMED,--add-opens,java.base/java.nio.charset=ALL-UNNAMED,--add-opens,java.base/java.net=ALL-UNNAMED,--add-opens,java.base/java.util.concurrent.atomic=ALL-UNNAMED,-Xmx4096m,-Dfile.encoding=UTF-8,-Duser.country=MX,-Duser.language=en,-Duser.variant]
2024-06-06T17:07:32.142-0500 [DEBUG] [org.gradle.cache.internal.DefaultFileLockManager] Waiting to acquire exclusive lock on daemon addresses registry.
2024-06-06T17:07:32.145-0500 [DEBUG] [org.gradle.cache.internal.DefaultFileLockManager] Lock acquired on daemon addresses registry.
2024-06-06T17:07:32.147-0500 [DEBUG] [org.gradle.cache.internal.DefaultFileLockManager] Releasing lock on daemon addresses registry.
2024-06-06T17:07:32.147-0500 [LIFECYCLE] [org.gradle.launcher.daemon.server.Daemon] Daemon server started.
2024-06-06T17:07:32.148-0500 [DEBUG] [org.gradle.launcher.daemon.bootstrap.DaemonStartupCommunication] Completed writing the daemon greeting. Closing streams...
2024-06-06T17:07:32.151-0500 [DEBUG] [org.gradle.launcher.daemon.server.Daemon] stopOnExpiration() called on daemon
2024-06-06T17:07:32.153-0500 [DEBUG] [org.gradle.launcher.daemon.server.Daemon] awaitExpiration() called on daemon
2024-06-06T17:07:32.153-0500 [DEBUG] [org.gradle.launcher.daemon.server.DaemonStateCoordinator] daemon is running. Sleeping until state changes.
2024-06-06T17:07:32.168-0500 [DEBUG] [org.gradle.internal.remote.internal.inet.TcpIncomingConnector] Accepted connection from /127.0.0.1:51634 to /127.0.0.1:51633.
2024-06-06T17:07:32.216-0500 [DEBUG] [org.gradle.launcher.daemon.server.SynchronizedDispatchConnection] thread 19: received class org.gradle.launcher.daemon.protocol.Build
2024-06-06T17:07:32.217-0500 [DEBUG] [org.gradle.launcher.daemon.server.DefaultDaemonConnection] thread 19: Received non-IO message from client: Build{id=521d04bc-a54c-45a6-b2a7-464b8a159770, currentDir=/Users/victoriamarin/Downloads/proyecto 5/Library/Bee/Android/Prj/Mono2x/Gradle/launcher}
2024-06-06T17:07:32.218-0500 [INFO] [org.gradle.launcher.daemon.server.DefaultIncomingConnectionHandler] Received command: Build{id=521d04bc-a54c-45a6-b2a7-464b8a159770, currentDir=/Users/victoriamarin/Downloads/proyecto 5/Library/Bee/Android/Prj/Mono2x/Gradle/launcher}.
2024-06-06T17:07:32.218-0500 [DEBUG] [org.gradle.launcher.daemon.server.DefaultIncomingConnectionHandler] Starting executing command: Build{id=521d04bc-a54c-45a6-b2a7-464b8a159770, currentDir=/Users/victoriamarin/Downloads/proyecto 5/Library/Bee/Android/Prj/Mono2x/Gradle/launcher} with connection: socket connection from /127.0.0.1:51633 to /127.0.0.1:51634.
2024-06-06T17:07:32.221-0500 [DEBUG] [org.gradle.launcher.daemon.server.DaemonStateCoordinator] Command execution: started DaemonCommandExecution[command = Build{id=521d04bc-a54c-45a6-b2a7-464b8a159770, currentDir=/Users/victoriamarin/Downloads/proyecto 5/Library/Bee/Android/Prj/Mono2x/Gradle/launcher}, connection = DefaultDaemonConnection: socket connection from /127.0.0.1:51633 to /127.0.0.1:51634] after 0.0 minutes of idle
2024-06-06T17:07:32.221-0500 [INFO] [org.gradle.launcher.daemon.server.DaemonRegistryUpdater] Marking the daemon as busy, address: [b05bccea-4b99-43d7-aa15-fac7a48638b2 port:51633, addresses:[localhost/127.0.0.1]]
2024-06-06T17:07:32.221-0500 [DEBUG] [org.gradle.launcher.daemon.registry.PersistentDaemonRegistry] Marking busy by address: [b05bccea-4b99-43d7-aa15-fac7a48638b2 port:51633, addresses:[localhost/127.0.0.1]]
2024-06-06T17:07:32.222-0500 [DEBUG] [org.gradle.cache.internal.DefaultFileLockManager] Waiting to acquire exclusive lock on daemon addresses registry.
2024-06-06T17:07:32.222-0500 [DEBUG] [org.gradle.cache.internal.DefaultFileLockManager] Lock acquired on daemon addresses registry.
2024-06-06T17:07:32.224-0500 [DEBUG] [org.gradle.cache.internal.DefaultFileLockManager] Releasing lock on daemon addresses registry.
2024-06-06T17:07:32.224-0500 [DEBUG] [org.gradle.launcher.daemon.server.DaemonStateCoordinator] resetting idle timer
2024-06-06T17:07:32.224-0500 [DEBUG] [org.gradle.launcher.daemon.server.DaemonStateCoordinator] daemon is running. Sleeping until state changes.
2024-06-06T17:07:32.226-0500 [INFO] [org.gradle.launcher.daemon.server.exec.StartBuildOrRespondWithBusy] Daemon is about to start building Build{id=521d04bc-a54c-45a6-b2a7-464b8a159770, currentDir=/Users/victoriamarin/Downloads/proyecto 5/Library/Bee/Android/Prj/Mono2x/Gradle/launcher}. Dispatching build started information...
2024-06-06T17:07:32.226-0500 [DEBUG] [org.gradle.launcher.daemon.server.SynchronizedDispatchConnection] thread 21: dispatching org.gradle.launcher.daemon.protocol.BuildStarted@6293aafd
2024-06-06T17:07:32.228-0500 [DEBUG] [org.gradle.launcher.daemon.server.exec.EstablishBuildEnvironment] Configuring env variables: [PATH, AMPLITUDE_TOKEN_YELLOWBUCKET_DEV, AMPLITUDE_TOKEN_YELLOWBUCKET_PROD, MallocNanoZone, SENTRY_ACCESS_TOKEN, JAVA_HOME, AMPLITUDE_API_KEY_YELLOWBUCKET_DEV, AMPLITUDE_TOKEN_GREENBUCKET_DEV, AMPLITUDE_TOKEN_REDBUCKET_PROD, WOOTRIC_CLIENT_TOKEN, COMMAND_MODE, AMPLITUDE_API_KEY_YELLOWBUCKET_PROD, JAVA_TOOL_OPTIONS, AMPLITUDE_API_KEY_GREENBUCKET_PROD, AMPLITUDE_TOKEN_GREENBUCKET_PROD, AMPLITUDE_API_KEY_REDBUCKET_DEV, LOGNAME, JAVA_MAIN_CLASS_19176, XPC_SERVICE_NAME, AMPLITUDE_API_KEY_GREENBUCKET_DEV, __CFBundleIdentifier, SHELL, AMPLITUDE_TOKEN_REDBUCKET_DEV, ANDROID_NDK_ROOT, DEBUG_ENV_VAR, USER, TMPDIR, ORIGINAL_XDG_CURRENT_DESKTOP, AMPLITUDE_API_KEY, SSH_AUTH_SOCK, AMPLITUDE_API_KEY_STAGING, XPC_FLAGS, AMPLITUDE_API_KEY_REDBUCKET_PROD, __CF_USER_TEXT_ENCODING, AMPLITUDE_DEPLOYMENT_KEY_RED_BUCKET_PROD, AMPLITUDE_DEPLOYMENT_KEY_RED_BUCKET_DEV, HOME]
2024-06-06T17:07:32.237-0500 [DEBUG] [org.gradle.launcher.daemon.server.exec.LogToClient] About to start relaying all logs to the client via the connection.
2024-06-06T17:07:32.237-0500 [INFO] [org.gradle.launcher.daemon.server.exec.LogToClient] The client will now receive all logging from the daemon (pid: 19198). The daemon log file: /Users/victoriamarin/.gradle/daemon/7.2/daemon-19198.out.log
2024-06-06T17:07:32.239-0500 [INFO] [org.gradle.launcher.daemon.server.exec.LogAndCheckHealth] Starting build in new daemon [memory: 4 GiB]
2024-06-06T17:07:32.243-0500 [DEBUG] [org.gradle.launcher.daemon.server.exec.ExecuteBuild] The daemon has started executing the build.
2024-06-06T17:07:32.244-0500 [DEBUG] [org.gradle.launcher.daemon.server.exec.ExecuteBuild] Executing build with daemon context: DefaultDaemonContext[uid=bf65fa1e-52e8-4b56-a871-74da22f3df88,javaHome=/Applications/Unity/Hub/Editor/2022.3.22f1/PlaybackEngines/AndroidPlayer/OpenJDK,daemonRegistryDir=/Users/victoriamarin/.gradle/daemon,pid=19198,idleTimeout=10800000,priority=NORMAL,daemonOpts=--add-opens,java.base/java.util=ALL-UNNAMED,--add-opens,java.base/java.lang=ALL-UNNAMED,--add-opens,java.base/java.lang.invoke=ALL-UNNAMED,--add-opens,java.base/java.util=ALL-UNNAMED,--add-opens,java.prefs/java.util.prefs=ALL-UNNAMED,--add-opens,java.prefs/java.util.prefs=ALL-UNNAMED,--add-opens,java.base/java.nio.charset=ALL-UNNAMED,--add-opens,java.base/java.net=ALL-UNNAMED,--add-opens,java.base/java.util.concurrent.atomic=ALL-UNNAMED,-Xmx4096m,-Dfile.encoding=UTF-8,-Duser.country=MX,-Duser.language=en,-Duser.variant]
/Applications/Unity/Hub/Editor/2022.3.22f1/PlaybackEngines/AndroidPlayer/NDK/toolchains/llvm/prebuilt/darwin-x86_64/bin/llvm-objcopy: error: program header with offset 0x28c640 and file size 0xa9c0 goes past the end of the file

Unable to extract native debug metadata from /Users/victoriamarin/Downloads/proyecto 5/Library/Bee/Android/Prj/Mono2x/Gradle/launcher/build/intermediates/merged_native_libs/release/out/lib/armeabi-v7a/libOVRPlugin.so because of non-zero exit value from objcopy.
Picked up JAVA_TOOL_OPTIONS: -Dfile.encoding=UTF-8

Picked up JAVA_TOOL_OPTIONS: -Dfile.encoding=UTF-8

Picked up JAVA_TOOL_OPTIONS: -Dfile.encoding=UTF-8

Note: /Users/victoriamarin/Downloads/proyecto 5/Library/Bee/Android/Prj/Mono2x/Gradle/unityLibrary/src/main/java/com/unity3d/player/UnityPlayerActivity.java uses or overrides a deprecated API.
Note: Recompile with -Xlint:deprecation for details.
PackagingOptions.jniLibs.useLegacyPackaging should be set to true because android:extractNativeLibs is set to "true" in AndroidManifest.xml.

BUILD SUCCESSFUL in 1m 59s
100 actionable tasks: 91 executed, 9 up-to-date
2024-06-06T17:09:26.827-0500 [DEBUG] [org.gradle.launcher.daemon.server.exec.ExecuteBuild] The daemon has finished executing the build.
2024-06-06T17:09:26.839-0500 [DEBUG] [org.gradle.launcher.daemon.server.DaemonStateCoordinator] daemon is running. Sleeping until state changes.
2024-06-06T17:09:26.840-0500 [DEBUG] [org.gradle.launcher.daemon.server.DaemonStateCoordinator] Command execution: finished waiting for DaemonCommandExecution[command = Build{id=521d04bc-a54c-45a6-b2a7-464b8a159770, currentDir=/Users/victoriamarin/Downloads/proyecto 5/Library/Bee/Android/Prj/Mono2x/Gradle/launcher}, connection = DefaultDaemonConnection: socket connection from /127.0.0.1:51633 to /127.0.0.1:51634]. Result org.gradle.launcher.daemon.server.DaemonStateCoordinator@6f95e280 with state Busy
2024-06-06T17:09:26.840-0500 [DEBUG] [org.gradle.launcher.daemon.server.DaemonStateCoordinator] Command execution: completed DaemonCommandExecution[command = Build{id=521d04bc-a54c-45a6-b2a7-464b8a159770, currentDir=/Users/victoriamarin/Downloads/proyecto 5/Library/Bee/Android/Prj/Mono2x/Gradle/launcher}, connection = DefaultDaemonConnection: socket connection from /127.0.0.1:51633 to /127.0.0.1:51634]
2024-06-06T17:09:26.840-0500 [DEBUG] [org.gradle.launcher.daemon.server.DaemonStateCoordinator] resetting idle timer
2024-06-06T17:09:26.840-0500 [INFO] [org.gradle.launcher.daemon.server.DaemonRegistryUpdater] Marking the daemon as idle, address: [b05bccea-4b99-43d7-aa15-fac7a48638b2 port:51633, addresses:[localhost/127.0.0.1]]
2024-06-06T17:09:26.841-0500 [DEBUG] [org.gradle.launcher.daemon.registry.PersistentDaemonRegistry] Marking busy by address: [b05bccea-4b99-43d7-aa15-fac7a48638b2 port:51633, addresses:[localhost/127.0.0.1]]
2024-06-06T17:09:26.844-0500 [DEBUG] [org.gradle.cache.internal.DefaultFileLockManager] Waiting to acquire exclusive lock on daemon addresses registry.
2024-06-06T17:09:26.845-0500 [DEBUG] [org.gradle.cache.internal.DefaultFileLockManager] Lock acquired on daemon addresses registry.
2024-06-06T17:09:26.847-0500 [DEBUG] [org.gradle.cache.internal.DefaultFileLockManager] Releasing lock on daemon addresses registry.
2024-06-06T17:09:26.847-0500 [DEBUG] [org.gradle.launcher.daemon.server.DaemonStateCoordinator] daemon is running. Sleeping until state changes.
2024-06-06T17:09:26.847-0500 [DEBUG] [org.gradle.launcher.daemon.server.exec.ReturnResult] Daemon is dispatching the build result: Success[value=org.gradle.launcher.exec.BuildActionResult@64490366]
2024-06-06T17:09:26.848-0500 [DEBUG] [org.gradle.launcher.daemon.server.SynchronizedDispatchConnection] thread 18: dispatching Success[value=org.gradle.launcher.exec.BuildActionResult@64490366]
2024-06-06T17:09:26.849-0500 [DEBUG] [org.gradle.launcher.daemon.server.DefaultIncomingConnectionHandler] Finishing executing command: Build{id=521d04bc-a54c-45a6-b2a7-464b8a159770, currentDir=/Users/victoriamarin/Downloads/proyecto 5/Library/Bee/Android/Prj/Mono2x/Gradle/launcher}
2024-06-06T17:09:26.854-0500 [DEBUG] [org.gradle.launcher.daemon.server.SynchronizedDispatchConnection] thread 19: received class org.gradle.launcher.daemon.protocol.CloseInput
2024-06-06T17:09:26.854-0500 [DEBUG] [org.gradle.launcher.daemon.server.DefaultDaemonConnection] thread 19: Received IO message from client: org.gradle.launcher.daemon.protocol.CloseInput@5b416c72
2024-06-06T17:09:26.855-0500 [DEBUG] [org.gradle.launcher.daemon.server.SynchronizedDispatchConnection] thread 19: received class org.gradle.launcher.daemon.protocol.Finished
2024-06-06T17:09:26.855-0500 [DEBUG] [org.gradle.launcher.daemon.server.DefaultDaemonConnection] thread 19: Received non-IO message from client: org.gradle.launcher.daemon.protocol.Finished@78844a32
2024-06-06T17:09:26.855-0500 [DEBUG] [org.gradle.launcher.daemon.server.DefaultIncomingConnectionHandler] Received finished message: org.gradle.launcher.daemon.protocol.Finished@78844a32
2024-06-06T17:09:26.855-0500 [DEBUG] [org.gradle.launcher.daemon.server.SynchronizedDispatchConnection] thread 18: stopping connection
2024-06-06T17:09:26.857-0500 [DEBUG] [org.gradle.internal.remote.internal.inet.SocketConnection] Discarding EOFException: java.io.EOFException
2024-06-06T17:09:26.857-0500 [DEBUG] [org.gradle.launcher.daemon.server.SynchronizedDispatchConnection] thread 19: received null
2024-06-06T17:09:26.857-0500 [DEBUG] [org.gradle.launcher.daemon.server.DefaultDaemonConnection] thread 19: Received end-of-input from client.
2024-06-06T17:09:26.857-0500 [DEBUG] [org.gradle.launcher.daemon.server.SynchronizedDispatchConnection] thread 18: stopping connection
2024-06-06T17:09:32.164-0500 [DEBUG] [org.gradle.cache.internal.DefaultFileLockManager] Waiting to acquire shared lock on daemon addresses registry.
2024-06-06T17:09:32.167-0500 [DEBUG] [org.gradle.cache.internal.DefaultFileLockManager] Lock acquired on daemon addresses registry.
2024-06-06T17:09:32.169-0500 [DEBUG] [org.gradle.cache.internal.DefaultFileLockManager] Releasing lock on daemon addresses registry.
2024-06-06T17:09:32.172-0500 [DEBUG] [org.gradle.cache.internal.DefaultFileLockManager] Waiting to acquire shared lock on daemon addresses registry.
2024-06-06T17:09:32.172-0500 [DEBUG] [org.gradle.cache.internal.DefaultFileLockManager] Lock acquired on daemon addresses registry.
2024-06-06T17:09:32.172-0500 [DEBUG] [org.gradle.cache.internal.DefaultFileLockManager] Releasing lock on daemon addresses registry.
2024-06-06T17:09:42.162-0500 [DEBUG] [org.gradle.cache.internal.DefaultFileLockManager] Waiting to acquire shared lock on daemon addresses registry.
2024-06-06T17:09:42.163-0500 [DEBUG] [org.gradle.cache.internal.DefaultFileLockManager] Lock acquired on daemon addresses registry.
2024-06-06T17:09:42.165-0500 [DEBUG] [org.gradle.cache.internal.DefaultFileLockManager] Releasing lock on daemon addresses registry.
2024-06-06T17:09:42.165-0500 [DEBUG] [org.gradle.cache.internal.DefaultFileLockManager] Waiting to acquire shared lock on daemon addresses registry.
2024-06-06T17:09:42.166-0500 [DEBUG] [org.gradle.cache.internal.DefaultFileLockManager] Lock acquired on daemon addresses registry.
2024-06-06T17:09:42.166-0500 [DEBUG] [org.gradle.cache.internal.DefaultFileLockManager] Releasing lock on daemon addresses registry.
2024-06-06T17:09:42.166-0500 [DEBUG] [org.gradle.cache.internal.DefaultFileLockManager] Waiting to acquire shared lock on daemon addresses registry.
2024-06-06T17:09:42.167-0500 [DEBUG] [org.gradle.cache.internal.DefaultFileLockManager] Lock acquired on daemon addresses registry.
2024-06-06T17:09:42.167-0500 [DEBUG] [org.gradle.cache.internal.DefaultFileLockManager] Releasing lock on daemon addresses registry.
2024-06-06T17:09:52.158-0500 [DEBUG] [org.gradle.cache.internal.DefaultFileLockManager] Waiting to acquire shared lock on daemon addresses registry.
2024-06-06T17:09:52.158-0500 [DEBUG] [org.gradle.cache.internal.DefaultFileLockManager] Lock acquired on daemon addresses registry.
2024-06-06T17:09:52.159-0500 [DEBUG] [org.gradle.cache.internal.DefaultFileLockManager] Releasing lock on daemon addresses registry.
2024-06-06T17:09:52.160-0500 [DEBUG] [org.gradle.cache.internal.DefaultFileLockManager] Waiting to acquire shared lock on daemon addresses registry.
2024-06-06T17:09:52.160-0500 [DEBUG] [org.gradle.cache.internal.DefaultFileLockManager] Lock acquired on daemon addresses registry.
2024-06-06T17:09:52.160-0500 [DEBUG] [org.gradle.cache.internal.DefaultFileLockManager] Releasing lock on daemon addresses registry.
2024-06-06T17:09:52.161-0500 [DEBUG] [org.gradle.cache.internal.DefaultFileLockManager] Waiting to acquire shared lock on daemon addresses registry.
2024-06-06T17:09:52.161-0500 [DEBUG] [org.gradle.cache.internal.DefaultFileLockManager] Lock acquired on daemon addresses registry.
2024-06-06T17:09:52.161-0500 [DEBUG] [org.gradle.cache.internal.DefaultFileLockManager] Releasing lock on daemon addresses registry.
2024-06-06T17:10:02.166-0500 [DEBUG] [org.gradle.cache.internal.DefaultFileLockManager] Waiting to acquire shared lock on daemon addresses registry.
2024-06-06T17:10:02.167-0500 [DEBUG] [org.gradle.cache.internal.DefaultFileLockManager] Lock acquired on daemon addresses registry.
2024-06-06T17:10:02.168-0500 [DEBUG] [org.gradle.cache.internal.DefaultFileLockManager] Releasing lock on daemon addresses registry.
2024-06-06T17:10:02.171-0500 [DEBUG] [org.gradle.cache.internal.DefaultFileLockManager] Waiting to acquire shared lock on daemon addresses registry.
2024-06-06T17:10:02.171-0500 [DEBUG] [org.gradle.cache.internal.DefaultFileLockManager] Lock acquired on daemon addresses registry.
2024-06-06T17:10:02.172-0500 [DEBUG] [org.gradle.cache.internal.DefaultFileLockManager] Releasing lock on daemon addresses registry.
2024-06-06T17:10:02.173-0500 [DEBUG] [org.gradle.cache.internal.DefaultFileLockManager] Waiting to acquire shared lock on daemon addresses registry.
2024-06-06T17:10:02.173-0500 [DEBUG] [org.gradle.cache.internal.DefaultFileLockManager] Lock acquired on daemon addresses registry.
2024-06-06T17:10:02.173-0500 [DEBUG] [org.gradle.cache.internal.DefaultFileLockManager] Releasing lock on daemon addresses registry.
2024-06-06T17:10:12.163-0500 [DEBUG] [org.gradle.cache.internal.DefaultFileLockManager] Waiting to acquire shared lock on daemon addresses registry.
2024-06-06T17:10:12.166-0500 [DEBUG] [org.gradle.cache.internal.DefaultFileLockManager] Lock acquired on daemon addresses registry.
2024-06-06T17:10:12.167-0500 [DEBUG] [org.gradle.cache.internal.DefaultFileLockManager] Releasing lock on daemon addresses registry.
2024-06-06T17:10:12.168-0500 [DEBUG] [org.gradle.cache.internal.DefaultFileLockManager] Waiting to acquire shared lock on daemon addresses registry.
2024-06-06T17:10:12.169-0500 [DEBUG] [org.gradle.cache.internal.DefaultFileLockManager] Lock acquired on daemon addresses registry.
2024-06-06T17:10:12.169-0500 [DEBUG] [org.gradle.cache.internal.DefaultFileLockManager] Releasing lock on daemon addresses registry.
2024-06-06T17:10:12.170-0500 [DEBUG] [org.gradle.cache.internal.DefaultFileLockManager] Waiting to acquire shared lock on daemon addresses registry.
2024-06-06T17:10:12.170-0500 [DEBUG] [org.gradle.cache.internal.DefaultFileLockManager] Lock acquired on daemon addresses registry.
2024-06-06T17:10:12.170-0500 [DEBUG] [org.gradle.cache.internal.DefaultFileLockManager] Releasing lock on daemon addresses registry.
2024-06-06T17:10:22.160-0500 [DEBUG] [org.gradle.cache.internal.DefaultFileLockManager] Waiting to acquire shared lock on daemon addresses registry.
2024-06-06T17:10:22.165-0500 [DEBUG] [org.gradle.cache.internal.DefaultFileLockManager] Lock acquired on daemon addresses registry.
2024-06-06T17:10:22.166-0500 [DEBUG] [org.gradle.cache.internal.DefaultFileLockManager] Releasing lock on daemon addresses registry.
2024-06-06T17:10:22.167-0500 [DEBUG] [org.gradle.cache.internal.DefaultFileLockManager] Waiting to acquire shared lock on daemon addresses registry.
2024-06-06T17:10:22.167-0500 [DEBUG] [org.gradle.cache.internal.DefaultFileLockManager] Lock acquired on daemon addresses registry.
2024-06-06T17:10:22.167-0500 [DEBUG] [org.gradle.cache.internal.DefaultFileLockManager] Releasing lock on daemon addresses registry.
2024-06-06T17:10:22.168-0500 [DEBUG] [org.gradle.cache.internal.DefaultFileLockManager] Waiting to acquire shared lock on daemon addresses registry.
2024-06-06T17:10:22.168-0500 [DEBUG] [org.gradle.cache.internal.DefaultFileLockManager] Lock acquired on daemon addresses registry.
2024-06-06T17:10:22.168-0500 [DEBUG] [org.gradle.cache.internal.DefaultFileLockManager] Releasing lock on daemon addresses registry.
2024-06-06T17:10:32.166-0500 [DEBUG] [org.gradle.cache.internal.DefaultFileLockManager] Waiting to acquire shared lock on daemon addresses registry.
2024-06-06T17:10:32.177-0500 [DEBUG] [org.gradle.cache.internal.DefaultFileLockManager] Lock acquired on daemon addresses registry.
2024-06-06T17:10:32.189-0500 [DEBUG] [org.gradle.cache.internal.DefaultFileLockManager] Releasing lock on daemon addresses registry.
2024-06-06T17:10:32.205-0500 [DEBUG] [org.gradle.cache.internal.DefaultFileLockManager] Waiting to acquire shared lock on daemon addresses registry.
2024-06-06T17:10:32.206-0500 [DEBUG] [org.gradle.cache.internal.DefaultFileLockManager] Lock acquired on daemon addresses registry.
2024-06-06T17:10:32.207-0500 [DEBUG] [org.gradle.cache.internal.DefaultFileLockManager] Releasing lock on daemon addresses registry.
2024-06-06T17:10:32.207-0500 [DEBUG] [org.gradle.cache.internal.DefaultFileLockManager] Waiting to acquire shared lock on daemon addresses registry.
2024-06-06T17:10:32.208-0500 [DEBUG] [org.gradle.cache.internal.DefaultFileLockManager] Lock acquired on daemon addresses registry.
2024-06-06T17:10:32.209-0500 [DEBUG] [org.gradle.cache.internal.DefaultFileLockManager] Releasing lock on daemon addresses registry.
2024-06-06T17:10:42.159-0500 [DEBUG] [org.gradle.cache.internal.DefaultFileLockManager] Waiting to acquire shared lock on daemon addresses registry.
2024-06-06T17:10:42.160-0500 [DEBUG] [org.gradle.cache.internal.DefaultFileLockManager] Lock acquired on daemon addresses registry.
2024-06-06T17:10:42.161-0500 [DEBUG] [org.gradle.cache.internal.DefaultFileLockManager] Releasing lock on daemon addresses registry.
2024-06-06T17:10:42.162-0500 [DEBUG] [org.gradle.cache.internal.DefaultFileLockManager] Waiting to acquire shared lock on daemon addresses registry.
2024-06-06T17:10:42.162-0500 [DEBUG] [org.gradle.cache.internal.DefaultFileLockManager] Lock acquired on daemon addresses registry.
2024-06-06T17:10:42.162-0500 [DEBUG] [org.gradle.cache.internal.DefaultFileLockManager] Releasing lock on daemon addresses registry.
2024-06-06T17:10:42.163-0500 [DEBUG] [org.gradle.cache.internal.DefaultFileLockManager] Waiting to acquire shared lock on daemon addresses registry.
2024-06-06T17:10:42.163-0500 [DEBUG] [org.gradle.cache.internal.DefaultFileLockManager] Lock acquired on daemon addresses registry.
2024-06-06T17:10:42.163-0500 [DEBUG] [org.gradle.cache.internal.DefaultFileLockManager] Releasing lock on daemon addresses registry.
2024-06-06T17:10:52.163-0500 [DEBUG] [org.gradle.cache.internal.DefaultFileLockManager] Waiting to acquire shared lock on daemon addresses registry.
2024-06-06T17:10:52.164-0500 [DEBUG] [org.gradle.cache.internal.DefaultFileLockManager] Lock acquired on daemon addresses registry.
2024-06-06T17:10:52.165-0500 [DEBUG] [org.gradle.cache.internal.DefaultFileLockManager] Releasing lock on daemon addresses registry.
2024-06-06T17:10:52.166-0500 [DEBUG] [org.gradle.cache.internal.DefaultFileLockManager] Waiting to acquire shared lock on daemon addresses registry.
2024-06-06T17:10:52.167-0500 [DEBUG] [org.gradle.cache.internal.DefaultFileLockManager] Lock acquired on daemon addresses registry.
2024-06-06T17:10:52.167-0500 [DEBUG] [org.gradle.cache.internal.DefaultFileLockManager] Releasing lock on daemon addresses registry.
2024-06-06T17:10:52.167-0500 [DEBUG] [org.gradle.cache.internal.DefaultFileLockManager] Waiting to acquire shared lock on daemon addresses registry.
2024-06-06T17:10:52.168-0500 [DEBUG] [org.gradle.cache.internal.DefaultFileLockManager] Lock acquired on daemon addresses registry.
2024-06-06T17:10:52.168-0500 [DEBUG] [org.gradle.cache.internal.DefaultFileLockManager] Releasing lock on daemon addresses registry.
2024-06-06T17:11:02.162-0500 [DEBUG] [org.gradle.cache.internal.DefaultFileLockManager] Waiting to acquire shared lock on daemon addresses registry.
2024-06-06T17:11:02.164-0500 [DEBUG] [org.gradle.cache.internal.DefaultFileLockManager] Lock acquired on daemon addresses registry.
2024-06-06T17:11:02.164-0500 [DEBUG] [org.gradle.cache.internal.DefaultFileLockManager] Releasing lock on daemon addresses registry.
2024-06-06T17:11:02.165-0500 [DEBUG] [org.gradle.cache.internal.DefaultFileLockManager] Waiting to acquire shared lock on daemon addresses registry.
2024-06-06T17:11:02.166-0500 [DEBUG] [org.gradle.cache.internal.DefaultFileLockManager] Lock acquired on daemon addresses registry.
2024-06-06T17:11:02.169-0500 [DEBUG] [org.gradle.cache.internal.DefaultFileLockManager] Releasing lock on daemon addresses registry.
2024-06-06T17:11:02.170-0500 [DEBUG] [org.gradle.cache.internal.DefaultFileLockManager] Waiting to acquire shared lock on daemon addresses registry.
2024-06-06T17:11:02.170-0500 [DEBUG] [org.gradle.cache.internal.DefaultFileLockManager] Lock acquired on daemon addresses registry.
2024-06-06T17:11:02.171-0500 [DEBUG] [org.gradle.cache.internal.DefaultFileLockManager] Releasing lock on daemon addresses registry.
2024-06-06T17:11:12.164-0500 [DEBUG] [org.gradle.cache.internal.DefaultFileLockManager] Waiting to acquire shared lock on daemon addresses registry.
2024-06-06T17:11:12.174-0500 [DEBUG] [org.gradle.cache.internal.DefaultFileLockManager] Lock acquired on daemon addresses registry.
2024-06-06T17:11:12.176-0500 [DEBUG] [org.gradle.cache.internal.DefaultFileLockManager] Releasing lock on daemon addresses registry.
2024-06-06T17:11:12.177-0500 [DEBUG] [org.gradle.cache.internal.DefaultFileLockManager] Waiting to acquire shared lock on daemon addresses registry.
2024-06-06T17:11:12.178-0500 [DEBUG] [org.gradle.cache.internal.DefaultFileLockManager] Lock acquired on daemon addresses registry.
2024-06-06T17:11:12.178-0500 [DEBUG] [org.gradle.cache.internal.DefaultFileLockManager] Releasing lock on daemon addresses registry.
2024-06-06T17:11:12.179-0500 [DEBUG] [org.gradle.cache.internal.DefaultFileLockManager] Waiting to acquire shared lock on daemon addresses registry.
2024-06-06T17:11:12.179-0500 [DEBUG] [org.gradle.cache.internal.DefaultFileLockManager] Lock acquired on daemon addresses registry.
2024-06-06T17:11:12.179-0500 [DEBUG] [org.gradle.cache.internal.DefaultFileLockManager] Releasing lock on daemon addresses registry.
2024-06-06T17:11:22.166-0500 [DEBUG] [org.gradle.cache.internal.DefaultFileLockManager] Waiting to acquire shared lock on daemon addresses registry.
2024-06-06T17:11:22.173-0500 [DEBUG] [org.gradle.cache.internal.DefaultFileLockManager] Lock acquired on daemon addresses registry.
2024-06-06T17:11:22.175-0500 [DEBUG] [org.gradle.cache.internal.DefaultFileLockManager] Releasing lock on daemon addresses registry.
2024-06-06T17:11:22.177-0500 [DEBUG] [org.gradle.cache.internal.DefaultFileLockManager] Waiting to acquire shared lock on daemon addresses registry.
2024-06-06T17:11:22.177-0500 [DEBUG] [org.gradle.cache.internal.DefaultFileLockManager] Lock acquired on daemon addresses registry.
2024-06-06T17:11:22.179-0500 [DEBUG] [org.gradle.cache.internal.DefaultFileLockManager] Releasing lock on daemon addresses registry.
2024-06-06T17:11:22.181-0500 [DEBUG] [org.gradle.cache.internal.DefaultFileLockManager] Waiting to acquire shared lock on daemon addresses registry.
2024-06-06T17:11:22.182-0500 [DEBUG] [org.gradle.cache.internal.DefaultFileLockManager] Lock acquired on daemon addresses registry.
2024-06-06T17:11:22.184-0500 [DEBUG] [org.gradle.cache.internal.DefaultFileLockManager] Releasing lock on daemon addresses registry.
2024-06-06T17:11:32.165-0500 [DEBUG] [org.gradle.cache.internal.DefaultFileLockManager] Waiting to acquire shared lock on daemon addresses registry.
2024-06-06T17:11:32.168-0500 [DEBUG] [org.gradle.cache.internal.DefaultFileLockManager] Lock acquired on daemon addresses registry.
2024-06-06T17:11:32.169-0500 [DEBUG] [org.gradle.cache.internal.DefaultFileLockManager] Releasing lock on daemon addresses registry.
2024-06-06T17:11:32.170-0500 [DEBUG] [org.gradle.cache.internal.DefaultFileLockManager] Waiting to acquire shared lock on daemon addresses registry.
2024-06-06T17:11:32.171-0500 [DEBUG] [org.gradle.cache.internal.DefaultFileLockManager] Lock acquired on daemon addresses registry.
2024-06-06T17:11:32.171-0500 [DEBUG] [org.gradle.cache.internal.DefaultFileLockManager] Releasing lock on daemon addresses registry.
2024-06-06T17:11:32.172-0500 [DEBUG] [org.gradle.cache.internal.DefaultFileLockManager] Waiting to acquire shared lock on daemon addresses registry.
2024-06-06T17:11:32.172-0500 [DEBUG] [org.gradle.cache.internal.DefaultFileLockManager] Lock acquired on daemon addresses registry.
2024-06-06T17:11:32.173-0500 [DEBUG] [org.gradle.cache.internal.DefaultFileLockManager] Releasing lock on daemon addresses registry.
2024-06-06T17:11:42.169-0500 [DEBUG] [org.gradle.cache.internal.DefaultFileLockManager] Waiting to acquire shared lock on daemon addresses registry.
2024-06-06T17:11:42.170-0500 [DEBUG] [org.gradle.cache.internal.DefaultFileLockManager] Lock acquired on daemon addresses registry.
2024-06-06T17:11:42.170-0500 [DEBUG] [org.gradle.cache.internal.DefaultFileLockManager] Releasing lock on daemon addresses registry.
2024-06-06T17:11:42.171-0500 [DEBUG] [org.gradle.cache.internal.DefaultFileLockManager] Waiting to acquire shared lock on daemon addresses registry.
2024-06-06T17:11:42.172-0500 [DEBUG] [org.gradle.cache.internal.DefaultFileLockManager] Lock acquired on daemon addresses registry.
2024-06-06T17:11:42.172-0500 [DEBUG] [org.gradle.cache.internal.DefaultFileLockManager] Releasing lock on daemon addresses registry.
2024-06-06T17:11:42.173-0500 [DEBUG] [org.gradle.cache.internal.DefaultFileLockManager] Waiting to acquire shared lock on daemon addresses registry.
2024-06-06T17:11:42.173-0500 [DEBUG] [org.gradle.cache.internal.DefaultFileLockManager] Lock acquired on daemon addresses registry.
2024-06-06T17:11:42.174-0500 [DEBUG] [org.gradle.cache.internal.DefaultFileLockManager] Releasing lock on daemon addresses registry.
2024-06-06T17:11:52.167-0500 [DEBUG] [org.gradle.cache.internal.DefaultFileLockManager] Waiting to acquire shared lock on daemon addresses registry.
2024-06-06T17:11:52.168-0500 [DEBUG] [org.gradle.cache.internal.DefaultFileLockManager] Lock acquired on daemon addresses registry.
2024-06-06T17:11:52.168-0500 [DEBUG] [org.gradle.cache.internal.DefaultFileLockManager] Releasing lock on daemon addresses registry.
2024-06-06T17:11:52.170-0500 [DEBUG] [org.gradle.cache.internal.DefaultFileLockManager] Waiting to acquire shared lock on daemon addresses registry.
2024-06-06T17:11:52.170-0500 [DEBUG] [org.gradle.cache.internal.DefaultFileLockManager] Lock acquired on daemon addresses registry.
2024-06-06T17:11:52.170-0500 [DEBUG] [org.gradle.cache.internal.DefaultFileLockManager] Releasing lock on daemon addresses registry.
2024-06-06T17:11:52.171-0500 [DEBUG] [org.gradle.cache.internal.DefaultFileLockManager] Waiting to acquire shared lock on daemon addresses registry.
2024-06-06T17:11:52.171-0500 [DEBUG] [org.gradle.cache.internal.DefaultFileLockManager] Lock acquired on daemon addresses registry.
2024-06-06T17:11:52.171-0500 [DEBUG] [org.gradle.cache.internal.DefaultFileLockManager] Releasing lock on daemon addresses registry.
2024-06-06T17:12:02.163-0500 [DEBUG] [org.gradle.cache.internal.DefaultFileLockManager] Waiting to acquire shared lock on daemon addresses registry.
2024-06-06T17:12:02.164-0500 [DEBUG] [org.gradle.cache.internal.DefaultFileLockManager] Lock acquired on daemon addresses registry.
2024-06-06T17:12:02.164-0500 [DEBUG] [org.gradle.cache.internal.DefaultFileLockManager] Releasing lock on daemon addresses registry.
2024-06-06T17:12:02.165-0500 [DEBUG] [org.gradle.cache.internal.DefaultFileLockManager] Waiting to acquire shared lock on daemon addresses registry.
2024-06-06T17:12:02.166-0500 [DEBUG] [org.gradle.cache.internal.DefaultFileLockManager] Lock acquired on daemon addresses registry.
2024-06-06T17:12:02.166-0500 [DEBUG] [org.gradle.cache.internal.DefaultFileLockManager] Releasing lock on daemon addresses registry.
2024-06-06T17:12:02.167-0500 [DEBUG] [org.gradle.cache.internal.DefaultFileLockManager] Waiting to acquire shared lock on daemon addresses registry.
2024-06-06T17:12:02.167-0500 [DEBUG] [org.gradle.cache.internal.DefaultFileLockManager] Lock acquired on daemon addresses registry.
2024-06-06T17:12:02.168-0500 [DEBUG] [org.gradle.cache.internal.DefaultFileLockManager] Releasing lock on daemon addresses registry.
2024-06-06T17:12:12.161-0500 [DEBUG] [org.gradle.cache.internal.DefaultFileLockManager] Waiting to acquire shared lock on daemon addresses registry.
2024-06-06T17:12:12.162-0500 [DEBUG] [org.gradle.cache.internal.DefaultFileLockManager] Lock acquired on daemon addresses registry.
2024-06-06T17:12:12.163-0500 [DEBUG] [org.gradle.cache.internal.DefaultFileLockManager] Releasing lock on daemon addresses registry.
2024-06-06T17:12:12.165-0500 [DEBUG] [org.gradle.cache.internal.DefaultFileLockManager] Waiting to acquire shared lock on daemon addresses registry.
2024-06-06T17:12:12.166-0500 [DEBUG] [org.gradle.cache.internal.DefaultFileLockManager] Lock acquired on daemon addresses registry.
2024-06-06T17:12:12.166-0500 [DEBUG] [org.gradle.cache.internal.DefaultFileLockManager] Releasing lock on daemon addresses registry.
2024-06-06T17:12:12.167-0500 [DEBUG] [org.gradle.cache.internal.DefaultFileLockManager] Waiting to acquire shared lock on daemon addresses registry.
2024-06-06T17:12:12.168-0500 [DEBUG] [org.gradle.cache.internal.DefaultFileLockManager] Lock acquired on daemon addresses registry.
2024-06-06T17:12:12.170-0500 [DEBUG] [org.gradle.cache.internal.DefaultFileLockManager] Releasing lock on daemon addresses registry.
2024-06-06T17:12:22.162-0500 [DEBUG] [org.gradle.cache.internal.DefaultFileLockManager] Waiting to acquire shared lock on daemon addresses registry.
2024-06-06T17:12:22.163-0500 [DEBUG] [org.gradle.cache.internal.DefaultFileLockManager] Lock acquired on daemon addresses registry.
2024-06-06T17:12:22.164-0500 [DEBUG] [org.gradle.cache.internal.DefaultFileLockManager] Releasing lock on daemon addresses registry.
2024-06-06T17:12:22.165-0500 [DEBUG] [org.gradle.cache.internal.DefaultFileLockManager] Waiting to acquire shared lock on daemon addresses registry.
2024-06-06T17:12:22.165-0500 [DEBUG] [org.gradle.cache.internal.DefaultFileLockManager] Lock acquired on daemon addresses registry.
2024-06-06T17:12:22.166-0500 [DEBUG] [org.gradle.cache.internal.DefaultFileLockManager] Releasing lock on daemon addresses registry.
2024-06-06T17:12:22.166-0500 [DEBUG] [org.gradle.cache.internal.DefaultFileLockManager] Waiting to acquire shared lock on daemon addresses registry.
2024-06-06T17:12:22.167-0500 [DEBUG] [org.gradle.cache.internal.DefaultFileLockManager] Lock acquired on daemon addresses registry.
2024-06-06T17:12:22.168-0500 [DEBUG] [org.gradle.cache.internal.DefaultFileLockManager] Releasing lock on daemon addresses registry.
2024-06-06T17:12:32.163-0500 [DEBUG] [org.gradle.cache.internal.DefaultFileLockManager] Waiting to acquire shared lock on daemon addresses registry.
2024-06-06T17:12:32.166-0500 [DEBUG] [org.gradle.cache.internal.DefaultFileLockManager] Lock acquired on daemon addresses registry.
2024-06-06T17:12:32.169-0500 [DEBUG] [org.gradle.cache.internal.DefaultFileLockManager] Releasing lock on daemon addresses registry.
2024-06-06T17:12:32.171-0500 [DEBUG] [org.gradle.cache.internal.DefaultFileLockManager] Waiting to acquire shared lock on daemon addresses registry.
2024-06-06T17:12:32.174-0500 [DEBUG] [org.gradle.cache.internal.DefaultFileLockManager] Lock acquired on daemon addresses registry.
2024-06-06T17:12:32.174-0500 [DEBUG] [org.gradle.cache.internal.DefaultFileLockManager] Releasing lock on daemon addresses registry.
2024-06-06T17:12:32.175-0500 [DEBUG] [org.gradle.cache.internal.DefaultFileLockManager] Waiting to acquire shared lock on daemon addresses registry.
2024-06-06T17:12:32.175-0500 [DEBUG] [org.gradle.cache.internal.DefaultFileLockManager] Lock acquired on daemon addresses registry.
2024-06-06T17:12:32.176-0500 [DEBUG] [org.gradle.cache.internal.DefaultFileLockManager] Releasing lock on daemon addresses registry.
2024-06-06T17:12:42.165-0500 [DEBUG] [org.gradle.cache.internal.DefaultFileLockManager] Waiting to acquire shared lock on daemon addresses registry.
2024-06-06T17:12:42.171-0500 [DEBUG] [org.gradle.cache.internal.DefaultFileLockManager] Lock acquired on daemon addresses registry.
2024-06-06T17:12:42.173-0500 [DEBUG] [org.gradle.cache.internal.DefaultFileLockManager] Releasing lock on daemon addresses registry.
2024-06-06T17:12:42.174-0500 [DEBUG] [org.gradle.cache.internal.DefaultFileLockManager] Waiting to acquire shared lock on daemon addresses registry.
2024-06-06T17:12:42.175-0500 [DEBUG] [org.gradle.cache.internal.DefaultFileLockManager] Lock acquired on daemon addresses registry.
2024-06-06T17:12:42.175-0500 [DEBUG] [org.gradle.cache.internal.DefaultFileLockManager] Releasing lock on daemon addresses registry.
2024-06-06T17:12:42.176-0500 [DEBUG] [org.gradle.cache.internal.DefaultFileLockManager] Waiting to acquire shared lock on daemon addresses registry.
2024-06-06T17:12:42.176-0500 [DEBUG] [org.gradle.cache.internal.DefaultFileLockManager] Lock acquired on daemon addresses registry.
2024-06-06T17:12:42.176-0500 [DEBUG] [org.gradle.cache.internal.DefaultFileLockManager] Releasing lock on daemon addresses registry.
2024-06-06T17:12:52.167-0500 [DEBUG] [org.gradle.cache.internal.DefaultFileLockManager] Waiting to acquire shared lock on daemon addresses registry.
2024-06-06T17:12:52.168-0500 [DEBUG] [org.gradle.cache.internal.DefaultFileLockManager] Lock acquired on daemon addresses registry.
2024-06-06T17:12:52.169-0500 [DEBUG] [org.gradle.cache.internal.DefaultFileLockManager] Releasing lock on daemon addresses registry.
2024-06-06T17:12:52.170-0500 [DEBUG] [org.gradle.cache.internal.DefaultFileLockManager] Waiting to acquire shared lock on daemon addresses registry.
2024-06-06T17:12:52.171-0500 [DEBUG] [org.gradle.cache.internal.DefaultFileLockManager] Lock acquired on daemon addresses registry.
2024-06-06T17:12:52.173-0500 [DEBUG] [org.gradle.cache.internal.DefaultFileLockManager] Releasing lock on daemon addresses registry.
2024-06-06T17:12:52.173-0500 [DEBUG] [org.gradle.cache.internal.DefaultFileLockManager] Waiting to acquire shared lock on daemon addresses registry.
2024-06-06T17:12:52.174-0500 [DEBUG] [org.gradle.cache.internal.DefaultFileLockManager] Lock acquired on daemon addresses registry.
2024-06-06T17:12:52.174-0500 [DEBUG] [org.gradle.cache.internal.DefaultFileLockManager] Releasing lock on daemon addresses registry.
2024-06-06T17:13:02.166-0500 [DEBUG] [org.gradle.cache.internal.DefaultFileLockManager] Waiting to acquire shared lock on daemon addresses registry.
2024-06-06T17:13:02.167-0500 [DEBUG] [org.gradle.cache.internal.DefaultFileLockManager] Lock acquired on daemon addresses registry.
2024-06-06T17:13:02.170-0500 [DEBUG] [org.gradle.cache.internal.DefaultFileLockManager] Releasing lock on daemon addresses registry.
2024-06-06T17:13:02.171-0500 [DEBUG] [org.gradle.cache.internal.DefaultFileLockManager] Waiting to acquire shared lock on daemon addresses registry.
2024-06-06T17:13:02.171-0500 [DEBUG] [org.gradle.cache.internal.DefaultFileLockManager] Lock acquired on daemon addresses registry.
2024-06-06T17:13:02.172-0500 [DEBUG] [org.gradle.cache.internal.DefaultFileLockManager] Releasing lock on daemon addresses registry.
2024-06-06T17:13:02.172-0500 [DEBUG] [org.gradle.cache.internal.DefaultFileLockManager] Waiting to acquire shared lock on daemon addresses registry.
2024-06-06T17:13:02.172-0500 [DEBUG] [org.gradle.cache.internal.DefaultFileLockManager] Lock acquired on daemon addresses registry.
2024-06-06T17:13:02.173-0500 [DEBUG] [org.gradle.cache.internal.DefaultFileLockManager] Releasing lock on daemon addresses registry.
2024-06-06T17:13:12.164-0500 [DEBUG] [org.gradle.cache.internal.DefaultFileLockManager] Waiting to acquire shared lock on daemon addresses registry.
2024-06-06T17:13:12.165-0500 [DEBUG] [org.gradle.cache.internal.DefaultFileLockManager] Lock acquired on daemon addresses registry.
2024-06-06T17:13:12.172-0500 [DEBUG] [org.gradle.cache.internal.DefaultFileLockManager] Releasing lock on daemon addresses registry.
2024-06-06T17:13:12.174-0500 [DEBUG] [org.gradle.cache.internal.DefaultFileLockManager] Waiting to acquire shared lock on daemon addresses registry.
2024-06-06T17:13:12.175-0500 [DEBUG] [org.gradle.cache.internal.DefaultFileLockManager] Lock acquired on daemon addresses registry.
2024-06-06T17:13:12.176-0500 [DEBUG] [org.gradle.cache.internal.DefaultFileLockManager] Releasing lock on daemon addresses registry.
2024-06-06T17:13:12.176-0500 [DEBUG] [org.gradle.cache.internal.DefaultFileLockManager] Waiting to acquire shared lock on daemon addresses registry.
2024-06-06T17:13:12.177-0500 [DEBUG] [org.gradle.cache.internal.DefaultFileLockManager] Lock acquired on daemon addresses registry.
2024-06-06T17:13:12.178-0500 [DEBUG] [org.gradle.cache.internal.DefaultFileLockManager] Releasing lock on daemon addresses registry.
2024-06-06T17:13:22.166-0500 [DEBUG] [org.gradle.cache.internal.DefaultFileLockManager] Waiting to acquire shared lock on daemon addresses registry.
2024-06-06T17:13:22.166-0500 [DEBUG] [org.gradle.cache.internal.DefaultFileLockManager] Lock acquired on daemon addresses registry.
2024-06-06T17:13:22.167-0500 [DEBUG] [org.gradle.cache.internal.DefaultFileLockManager] Releasing lock on daemon addresses registry.
2024-06-06T17:13:22.168-0500 [DEBUG] [org.gradle.cache.internal.DefaultFileLockManager] Waiting to acquire shared lock on daemon addresses registry.
2024-06-06T17:13:22.168-0500 [DEBUG] [org.gradle.cache.internal.DefaultFileLockManager] Lock acquired on daemon addresses registry.
2024-06-06T17:13:22.168-0500 [DEBUG] [org.gradle.cache.internal.DefaultFileLockManager] Releasing lock on daemon addresses registry.
2024-06-06T17:13:22.169-0500 [DEBUG] [org.gradle.cache.internal.DefaultFileLockManager] Waiting to acquire shared lock on daemon addresses registry.
2024-06-06T17:13:22.169-0500 [DEBUG] [org.gradle.cache.internal.DefaultFileLockManager] Lock acquired on daemon addresses registry.
2024-06-06T17:13:22.169-0500 [DEBUG] [org.gradle.cache.internal.DefaultFileLockManager] Releasing lock on daemon addresses registry.
2024-06-06T17:13:32.163-0500 [DEBUG] [org.gradle.cache.internal.DefaultFileLockManager] Waiting to acquire shared lock on daemon addresses registry.
2024-06-06T17:13:32.166-0500 [DEBUG] [org.gradle.cache.internal.DefaultFileLockManager] Lock acquired on daemon addresses registry.
2024-06-06T17:13:32.168-0500 [DEBUG] [org.gradle.cache.internal.DefaultFileLockManager] Releasing lock on daemon addresses registry.
2024-06-06T17:13:32.171-0500 [DEBUG] [org.gradle.cache.internal.DefaultFileLockManager] Waiting to acquire shared lock on daemon addresses registry.
2024-06-06T17:13:32.171-0500 [DEBUG] [org.gradle.cache.internal.DefaultFileLockManager] Lock acquired on daemon addresses registry.
2024-06-06T17:13:32.171-0500 [DEBUG] [org.gradle.cache.internal.DefaultFileLockManager] Releasing lock on daemon addresses registry.
2024-06-06T17:13:32.172-0500 [DEBUG] [org.gradle.cache.internal.DefaultFileLockManager] Waiting to acquire shared lock on daemon addresses registry.
2024-06-06T17:13:32.172-0500 [DEBUG] [org.gradle.cache.internal.DefaultFileLockManager] Lock acquired on daemon addresses registry.
2024-06-06T17:13:32.173-0500 [DEBUG] [org.gradle.cache.internal.DefaultFileLockManager] Releasing lock on daemon addresses registry.
2024-06-06T17:13:42.167-0500 [DEBUG] [org.gradle.cache.internal.DefaultFileLockManager] Waiting to acquire shared lock on daemon addresses registry.
2024-06-06T17:13:42.169-0500 [DEBUG] [org.gradle.cache.internal.DefaultFileLockManager] Lock acquired on daemon addresses registry.
2024-06-06T17:13:42.172-0500 [DEBUG] [org.gradle.cache.internal.DefaultFileLockManager] Releasing lock on daemon addresses registry.
2024-06-06T17:13:42.177-0500 [DEBUG] [org.gradle.cache.internal.DefaultFileLockManager] Waiting to acquire shared lock on daemon addresses registry.
2024-06-06T17:13:42.180-0500 [DEBUG] [org.gradle.cache.internal.DefaultFileLockManager] Lock acquired on daemon addresses registry.
2024-06-06T17:13:42.181-0500 [DEBUG] [org.gradle.cache.internal.DefaultFileLockManager] Releasing lock on daemon addresses registry.
2024-06-06T17:13:42.181-0500 [DEBUG] [org.gradle.cache.internal.DefaultFileLockManager] Waiting to acquire shared lock on daemon addresses registry.
2024-06-06T17:13:42.182-0500 [DEBUG] [org.gradle.cache.internal.DefaultFileLockManager] Lock acquired on daemon addresses registry.
2024-06-06T17:13:42.182-0500 [DEBUG] [org.gradle.cache.internal.DefaultFileLockManager] Releasing lock on daemon addresses registry.
2024-06-06T17:13:52.170-0500 [DEBUG] [org.gradle.cache.internal.DefaultFileLockManager] Waiting to acquire shared lock on daemon addresses registry.
2024-06-06T17:13:52.172-0500 [DEBUG] [org.gradle.cache.internal.DefaultFileLockManager] Lock acquired on daemon addresses registry.
2024-06-06T17:13:52.173-0500 [DEBUG] [org.gradle.cache.internal.DefaultFileLockManager] Releasing lock on daemon addresses registry.
2024-06-06T17:13:52.174-0500 [DEBUG] [org.gradle.cache.internal.DefaultFileLockManager] Waiting to acquire shared lock on daemon addresses registry.
2024-06-06T17:13:52.175-0500 [DEBUG] [org.gradle.cache.internal.DefaultFileLockManager] Lock acquired on daemon addresses registry.
2024-06-06T17:13:52.175-0500 [DEBUG] [org.gradle.cache.internal.DefaultFileLockManager] Releasing lock on daemon addresses registry.
2024-06-06T17:13:52.175-0500 [DEBUG] [org.gradle.cache.internal.DefaultFileLockManager] Waiting to acquire shared lock on daemon addresses registry.
2024-06-06T17:13:52.176-0500 [DEBUG] [org.gradle.cache.internal.DefaultFileLockManager] Lock acquired on daemon addresses registry.
2024-06-06T17:13:52.176-0500 [DEBUG] [org.gradle.cache.internal.DefaultFileLockManager] Releasing lock on daemon addresses registry.
2024-06-06T17:14:02.167-0500 [DEBUG] [org.gradle.cache.internal.DefaultFileLockManager] Waiting to acquire shared lock on daemon addresses registry.
2024-06-06T17:14:02.169-0500 [DEBUG] [org.gradle.cache.internal.DefaultFileLockManager] Lock acquired on daemon addresses registry.
2024-06-06T17:14:02.171-0500 [DEBUG] [org.gradle.cache.internal.DefaultFileLockManager] Releasing lock on daemon addresses registry.
2024-06-06T17:14:02.173-0500 [DEBUG] [org.gradle.cache.internal.DefaultFileLockManager] Waiting to acquire shared lock on daemon addresses registry.
2024-06-06T17:14:02.173-0500 [DEBUG] [org.gradle.cache.internal.DefaultFileLockManager] Lock acquired on daemon addresses registry.
2024-06-06T17:14:02.174-0500 [DEBUG] [org.gradle.cache.internal.DefaultFileLockManager] Releasing lock on daemon addresses registry.
2024-06-06T17:14:02.174-0500 [DEBUG] [org.gradle.cache.internal.DefaultFileLockManager] Waiting to acquire shared lock on daemon addresses registry.
2024-06-06T17:14:02.174-0500 [DEBUG] [org.gradle.cache.internal.DefaultFileLockManager] Lock acquired on daemon addresses registry.
2024-06-06T17:14:02.174-0500 [DEBUG] [org.gradle.cache.internal.DefaultFileLockManager] Releasing lock on daemon addresses registry.
2024-06-06T17:14:12.167-0500 [DEBUG] [org.gradle.cache.internal.DefaultFileLockManager] Waiting to acquire shared lock on daemon addresses registry.
2024-06-06T17:14:12.168-0500 [DEBUG] [org.gradle.cache.internal.DefaultFileLockManager] Lock acquired on daemon addresses registry.
2024-06-06T17:14:12.169-0500 [DEBUG] [org.gradle.cache.internal.DefaultFileLockManager] Releasing lock on daemon addresses registry.
2024-06-06T17:14:12.170-0500 [DEBUG] [org.gradle.cache.internal.DefaultFileLockManager] Waiting to acquire shared lock on daemon addresses registry.
2024-06-06T17:14:12.170-0500 [DEBUG] [org.gradle.cache.internal.DefaultFileLockManager] Lock acquired on daemon addresses registry.
2024-06-06T17:14:12.170-0500 [DEBUG] [org.gradle.cache.internal.DefaultFileLockManager] Releasing lock on daemon addresses registry.
2024-06-06T17:14:12.171-0500 [DEBUG] [org.gradle.cache.internal.DefaultFileLockManager] Waiting to acquire shared lock on daemon addresses registry.
2024-06-06T17:14:12.171-0500 [DEBUG] [org.gradle.cache.internal.DefaultFileLockManager] Lock acquired on daemon addresses registry.
2024-06-06T17:14:12.171-0500 [DEBUG] [org.gradle.cache.internal.DefaultFileLockManager] Releasing lock on daemon addresses registry.
2024-06-06T17:14:22.167-0500 [DEBUG] [org.gradle.cache.internal.DefaultFileLockManager] Waiting to acquire shared lock on daemon addresses registry.
2024-06-06T17:14:22.168-0500 [DEBUG] [org.gradle.cache.internal.DefaultFileLockManager] Lock acquired on daemon addresses registry.
2024-06-06T17:14:22.169-0500 [DEBUG] [org.gradle.cache.internal.DefaultFileLockManager] Releasing lock on daemon addresses registry.
2024-06-06T17:14:22.170-0500 [DEBUG] [org.gradle.cache.internal.DefaultFileLockManager] Waiting to acquire shared lock on daemon addresses registry.
2024-06-06T17:14:22.170-0500 [DEBUG] [org.gradle.cache.internal.DefaultFileLockManager] Lock acquired on daemon addresses registry.
2024-06-06T17:14:22.170-0500 [DEBUG] [org.gradle.cache.internal.DefaultFileLockManager] Releasing lock on daemon addresses registry.
2024-06-06T17:14:22.170-0500 [DEBUG] [org.gradle.cache.internal.DefaultFileLockManager] Waiting to acquire shared lock on daemon addresses registry.
2024-06-06T17:14:22.171-0500 [DEBUG] [org.gradle.cache.internal.DefaultFileLockManager] Lock acquired on daemon addresses registry.
2024-06-06T17:14:22.171-0500 [DEBUG] [org.gradle.cache.internal.DefaultFileLockManager] Releasing lock on daemon addresses registry.
2024-06-06T17:14:32.168-0500 [DEBUG] [org.gradle.cache.internal.DefaultFileLockManager] Waiting to acquire shared lock on daemon addresses registry.
2024-06-06T17:14:32.170-0500 [DEBUG] [org.gradle.cache.internal.DefaultFileLockManager] Lock acquired on daemon addresses registry.
2024-06-06T17:14:32.171-0500 [DEBUG] [org.gradle.cache.internal.DefaultFileLockManager] Releasing lock on daemon addresses registry.
2024-06-06T17:14:32.172-0500 [DEBUG] [org.gradle.cache.internal.DefaultFileLockManager] Waiting to acquire shared lock on daemon addresses registry.
2024-06-06T17:14:32.172-0500 [DEBUG] [org.gradle.cache.internal.DefaultFileLockManager] Lock acquired on daemon addresses registry.
2024-06-06T17:14:32.172-0500 [DEBUG] [org.gradle.cache.internal.DefaultFileLockManager] Releasing lock on daemon addresses registry.
2024-06-06T17:14:32.173-0500 [DEBUG] [org.gradle.cache.internal.DefaultFileLockManager] Waiting to acquire shared lock on daemon addresses registry.
2024-06-06T17:14:32.174-0500 [DEBUG] [org.gradle.cache.internal.DefaultFileLockManager] Lock acquired on daemon addresses registry.
2024-06-06T17:14:32.176-0500 [DEBUG] [org.gradle.cache.internal.DefaultFileLockManager] Releasing lock on daemon addresses registry.
2024-06-06T17:14:42.168-0500 [DEBUG] [org.gradle.cache.internal.DefaultFileLockManager] Waiting to acquire shared lock on daemon addresses registry.
2024-06-06T17:14:42.170-0500 [DEBUG] [org.gradle.cache.internal.DefaultFileLockManager] Lock acquired on daemon addresses registry.
2024-06-06T17:14:42.171-0500 [DEBUG] [org.gradle.cache.internal.DefaultFileLockManager] Releasing lock on daemon addresses registry.
2024-06-06T17:14:42.173-0500 [DEBUG] [org.gradle.cache.internal.DefaultFileLockManager] Waiting to acquire shared lock on daemon addresses registry.
2024-06-06T17:14:42.173-0500 [DEBUG] [org.gradle.cache.internal.DefaultFileLockManager] Lock acquired on daemon addresses registry.
2024-06-06T17:14:42.174-0500 [DEBUG] [org.gradle.cache.internal.DefaultFileLockManager] Releasing lock on daemon addresses registry.
2024-06-06T17:14:42.174-0500 [DEBUG] [org.gradle.cache.internal.DefaultFileLockManager] Waiting to acquire shared lock on daemon addresses registry.
2024-06-06T17:14:42.174-0500 [DEBUG] [org.gradle.cache.internal.DefaultFileLockManager] Lock acquired on daemon addresses registry.
2024-06-06T17:14:42.175-0500 [DEBUG] [org.gradle.cache.internal.DefaultFileLockManager] Releasing lock on daemon addresses registry.
2024-06-06T17:14:52.166-0500 [DEBUG] [org.gradle.cache.internal.DefaultFileLockManager] Waiting to acquire shared lock on daemon addresses registry.
2024-06-06T17:14:52.167-0500 [DEBUG] [org.gradle.cache.internal.DefaultFileLockManager] Lock acquired on daemon addresses registry.
2024-06-06T17:14:52.169-0500 [DEBUG] [org.gradle.cache.internal.DefaultFileLockManager] Releasing lock on daemon addresses registry.
2024-06-06T17:14:52.172-0500 [DEBUG] [org.gradle.cache.internal.DefaultFileLockManager] Waiting to acquire shared lock on daemon addresses registry.
2024-06-06T17:14:52.173-0500 [DEBUG] [org.gradle.cache.internal.DefaultFileLockManager] Lock acquired on daemon addresses registry.
2024-06-06T17:14:52.174-0500 [DEBUG] [org.gradle.cache.internal.DefaultFileLockManager] Releasing lock on daemon addresses registry.
2024-06-06T17:14:52.176-0500 [DEBUG] [org.gradle.cache.internal.DefaultFileLockManager] Waiting to acquire shared lock on daemon addresses registry.
2024-06-06T17:14:52.177-0500 [DEBUG] [org.gradle.cache.internal.DefaultFileLockManager] Lock acquired on daemon addresses registry.
2024-06-06T17:14:52.177-0500 [DEBUG] [org.gradle.cache.internal.DefaultFileLockManager] Releasing lock on daemon addresses registry.
2024-06-06T17:15:02.169-0500 [DEBUG] [org.gradle.cache.internal.DefaultFileLockManager] Waiting to acquire shared lock on daemon addresses registry.
2024-06-06T17:15:02.170-0500 [DEBUG] [org.gradle.cache.internal.DefaultFileLockManager] Lock acquired on daemon addresses registry.
2024-06-06T17:15:02.171-0500 [DEBUG] [org.gradle.cache.internal.DefaultFileLockManager] Releasing lock on daemon addresses registry.
2024-06-06T17:15:02.173-0500 [DEBUG] [org.gradle.cache.internal.DefaultFileLockManager] Waiting to acquire shared lock on daemon addresses registry.
2024-06-06T17:15:02.173-0500 [DEBUG] [org.gradle.cache.internal.DefaultFileLockManager] Lock acquired on daemon addresses registry.
2024-06-06T17:15:02.173-0500 [DEBUG] [org.gradle.cache.internal.DefaultFileLockManager] Releasing lock on daemon addresses registry.
2024-06-06T17:15:02.174-0500 [DEBUG] [org.gradle.cache.internal.DefaultFileLockManager] Waiting to acquire shared lock on daemon addresses registry.
2024-06-06T17:15:02.174-0500 [DEBUG] [org.gradle.cache.internal.DefaultFileLockManager] Lock acquired on daemon addresses registry.
2024-06-06T17:15:02.174-0500 [DEBUG] [org.gradle.cache.internal.DefaultFileLockManager] Releasing lock on daemon addresses registry.
2024-06-06T17:15:12.169-0500 [DEBUG] [org.gradle.cache.internal.DefaultFileLockManager] Waiting to acquire shared lock on daemon addresses registry.
2024-06-06T17:15:12.170-0500 [DEBUG] [org.gradle.cache.internal.DefaultFileLockManager] Lock acquired on daemon addresses registry.
2024-06-06T17:15:12.170-0500 [DEBUG] [org.gradle.cache.internal.DefaultFileLockManager] Releasing lock on daemon addresses registry.
2024-06-06T17:15:12.171-0500 [DEBUG] [org.gradle.cache.internal.DefaultFileLockManager] Waiting to acquire shared lock on daemon addresses registry.
2024-06-06T17:15:12.172-0500 [DEBUG] [org.gradle.cache.internal.DefaultFileLockManager] Lock acquired on daemon addresses registry.
2024-06-06T17:15:12.172-0500 [DEBUG] [org.gradle.cache.internal.DefaultFileLockManager] Releasing lock on daemon addresses registry.
2024-06-06T17:15:12.172-0500 [DEBUG] [org.gradle.cache.internal.DefaultFileLockManager] Waiting to acquire shared lock on daemon addresses registry.
2024-06-06T17:15:12.173-0500 [DEBUG] [org.gradle.cache.internal.DefaultFileLockManager] Lock acquired on daemon addresses registry.
2024-06-06T17:15:12.173-0500 [DEBUG] [org.gradle.cache.internal.DefaultFileLockManager] Releasing lock on daemon addresses registry.
2024-06-06T17:15:22.169-0500 [DEBUG] [org.gradle.cache.internal.DefaultFileLockManager] Waiting to acquire shared lock on daemon addresses registry.
2024-06-06T17:15:22.177-0500 [DEBUG] [org.gradle.cache.internal.DefaultFileLockManager] Lock acquired on daemon addresses registry.
2024-06-06T17:15:22.179-0500 [DEBUG] [org.gradle.cache.internal.DefaultFileLockManager] Releasing lock on daemon addresses registry.
2024-06-06T17:15:22.180-0500 [DEBUG] [org.gradle.cache.internal.DefaultFileLockManager] Waiting to acquire shared lock on daemon addresses registry.
2024-06-06T17:15:22.180-0500 [DEBUG] [org.gradle.cache.internal.DefaultFileLockManager] Lock acquired on daemon addresses registry.
2024-06-06T17:15:22.181-0500 [DEBUG] [org.gradle.cache.internal.DefaultFileLockManager] Releasing lock on daemon addresses registry.
2024-06-06T17:15:22.181-0500 [DEBUG] [org.gradle.cache.internal.DefaultFileLockManager] Waiting to acquire shared lock on daemon addresses registry.
2024-06-06T17:15:22.182-0500 [DEBUG] [org.gradle.cache.internal.DefaultFileLockManager] Lock acquired on daemon addresses registry.
2024-06-06T17:15:22.182-0500 [DEBUG] [org.gradle.cache.internal.DefaultFileLockManager] Releasing lock on daemon addresses registry.
2024-06-06T17:15:32.169-0500 [DEBUG] [org.gradle.cache.internal.DefaultFileLockManager] Waiting to acquire shared lock on daemon addresses registry.
2024-06-06T17:15:32.170-0500 [DEBUG] [org.gradle.cache.internal.DefaultFileLockManager] Lock acquired on daemon addresses registry.
2024-06-06T17:15:32.171-0500 [DEBUG] [org.gradle.cache.internal.DefaultFileLockManager] Releasing lock on daemon addresses registry.
2024-06-06T17:15:32.171-0500 [DEBUG] [org.gradle.cache.internal.DefaultFileLockManager] Waiting to acquire shared lock on daemon addresses registry.
2024-06-06T17:15:32.172-0500 [DEBUG] [org.gradle.cache.internal.DefaultFileLockManager] Lock acquired on daemon addresses registry.
2024-06-06T17:15:32.172-0500 [DEBUG] [org.gradle.cache.internal.DefaultFileLockManager] Releasing lock on daemon addresses registry.
2024-06-06T17:15:32.172-0500 [DEBUG] [org.gradle.cache.internal.DefaultFileLockManager] Waiting to acquire shared lock on daemon addresses registry.
2024-06-06T17:15:32.172-0500 [DEBUG] [org.gradle.cache.internal.DefaultFileLockManager] Lock acquired on daemon addresses registry.
2024-06-06T17:15:32.172-0500 [DEBUG] [org.gradle.cache.internal.DefaultFileLockManager] Releasing lock on daemon addresses registry.
2024-06-06T17:15:42.166-0500 [DEBUG] [org.gradle.cache.internal.DefaultFileLockManager] Waiting to acquire shared lock on daemon addresses registry.
2024-06-06T17:15:42.167-0500 [DEBUG] [org.gradle.cache.internal.DefaultFileLockManager] Lock acquired on daemon addresses registry.
2024-06-06T17:15:42.173-0500 [DEBUG] [org.gradle.cache.internal.DefaultFileLockManager] Releasing lock on daemon addresses registry.
2024-06-06T17:15:42.174-0500 [DEBUG] [org.gradle.cache.internal.DefaultFileLockManager] Waiting to acquire shared lock on daemon addresses registry.
2024-06-06T17:15:42.174-0500 [DEBUG] [org.gradle.cache.internal.DefaultFileLockManager] Lock acquired on daemon addresses registry.
2024-06-06T17:15:42.175-0500 [DEBUG] [org.gradle.cache.internal.DefaultFileLockManager] Releasing lock on daemon addresses registry.
2024-06-06T17:15:42.176-0500 [DEBUG] [org.gradle.cache.internal.DefaultFileLockManager] Waiting to acquire shared lock on daemon addresses registry.
2024-06-06T17:15:42.176-0500 [DEBUG] [org.gradle.cache.internal.DefaultFileLockManager] Lock acquired on daemon addresses registry.
2024-06-06T17:15:42.176-0500 [DEBUG] [org.gradle.cache.internal.DefaultFileLockManager] Releasing lock on daemon addresses registry.
2024-06-06T17:15:52.166-0500 [DEBUG] [org.gradle.cache.internal.DefaultFileLockManager] Waiting to acquire shared lock on daemon addresses registry.
2024-06-06T17:15:52.167-0500 [DEBUG] [org.gradle.cache.internal.DefaultFileLockManager] Lock acquired on daemon addresses registry.
2024-06-06T17:15:52.168-0500 [DEBUG] [org.gradle.cache.internal.DefaultFileLockManager] Releasing lock on daemon addresses registry.
2024-06-06T17:15:52.168-0500 [DEBUG] [org.gradle.cache.internal.DefaultFileLockManager] Waiting to acquire shared lock on daemon addresses registry.
2024-06-06T17:15:52.170-0500 [DEBUG] [org.gradle.cache.internal.DefaultFileLockManager] Lock acquired on daemon addresses registry.
2024-06-06T17:15:52.171-0500 [DEBUG] [org.gradle.cache.internal.DefaultFileLockManager] Releasing lock on daemon addresses registry.
2024-06-06T17:15:52.172-0500 [DEBUG] [org.gradle.cache.internal.DefaultFileLockManager] Waiting to acquire shared lock on daemon addresses registry.
2024-06-06T17:15:52.172-0500 [DEBUG] [org.gradle.cache.internal.DefaultFileLockManager] Lock acquired on daemon addresses registry.
2024-06-06T17:15:52.172-0500 [DEBUG] [org.gradle.cache.internal.DefaultFileLockManager] Releasing lock on daemon addresses registry.
2024-06-06T17:16:02.170-0500 [DEBUG] [org.gradle.cache.internal.DefaultFileLockManager] Waiting to acquire shared lock on daemon addresses registry.
2024-06-06T17:16:02.175-0500 [DEBUG] [org.gradle.cache.internal.DefaultFileLockManager] Lock acquired on daemon addresses registry.
2024-06-06T17:16:02.176-0500 [DEBUG] [org.gradle.cache.internal.DefaultFileLockManager] Releasing lock on daemon addresses registry.
2024-06-06T17:16:02.178-0500 [DEBUG] [org.gradle.cache.internal.DefaultFileLockManager] Waiting to acquire shared lock on daemon addresses registry.
2024-06-06T17:16:02.178-0500 [DEBUG] [org.gradle.cache.internal.DefaultFileLockManager] Lock acquired on daemon addresses registry.
2024-06-06T17:16:02.178-0500 [DEBUG] [org.gradle.cache.internal.DefaultFileLockManager] Releasing lock on daemon addresses registry.
2024-06-06T17:16:02.179-0500 [DEBUG] [org.gradle.cache.internal.DefaultFileLockManager] Waiting to acquire shared lock on daemon addresses registry.
2024-06-06T17:16:02.179-0500 [DEBUG] [org.gradle.cache.internal.DefaultFileLockManager] Lock acquired on daemon addresses registry.
2024-06-06T17:16:02.179-0500 [DEBUG] [org.gradle.cache.internal.DefaultFileLockManager] Releasing lock on daemon addresses registry.
2024-06-06T17:16:12.168-0500 [DEBUG] [org.gradle.cache.internal.DefaultFileLockManager] Waiting to acquire shared lock on daemon addresses registry.
2024-06-06T17:16:12.169-0500 [DEBUG] [org.gradle.cache.internal.DefaultFileLockManager] Lock acquired on daemon addresses registry.
2024-06-06T17:16:12.169-0500 [DEBUG] [org.gradle.cache.internal.DefaultFileLockManager] Releasing lock on daemon addresses registry.
2024-06-06T17:16:12.169-0500 [DEBUG] [org.gradle.cache.internal.DefaultFileLockManager] Waiting to acquire shared lock on daemon addresses registry.
2024-06-06T17:16:12.170-0500 [DEBUG] [org.gradle.cache.internal.DefaultFileLockManager] Lock acquired on daemon addresses registry.
2024-06-06T17:16:12.170-0500 [DEBUG] [org.gradle.cache.internal.DefaultFileLockManager] Releasing lock on daemon addresses registry.
2024-06-06T17:16:12.170-0500 [DEBUG] [org.gradle.cache.internal.DefaultFileLockManager] Waiting to acquire shared lock on daemon addresses registry.
2024-06-06T17:16:12.170-0500 [DEBUG] [org.gradle.cache.internal.DefaultFileLockManager] Lock acquired on daemon addresses registry.
2024-06-06T17:16:12.170-0500 [DEBUG] [org.gradle.cache.internal.DefaultFileLockManager] Releasing lock on daemon addresses registry.
2024-06-06T17:16:18.529-0500 [DEBUG] [org.gradle.internal.watch.vfs.impl.WatchingVirtualFileSystem] Handling VFS change MODIFIED /Users/victoriamarin/Downloads/proyecto 5/Library/Bee/Android/Prj/Mono2x/Gradle/unityLibrary/xrmanifest.androidlib/AndroidManifest.xml
2024-06-06T17:16:18.531-0500 [DEBUG] [org.gradle.internal.watch.vfs.impl.WatchingVirtualFileSystem] Handling VFS change MODIFIED /Users/victoriamarin/Downloads/proyecto 5/Library/Bee/Android/Prj/Mono2x/Gradle/unityLibrary/proguard-unity.txt
2024-06-06T17:16:18.531-0500 [DEBUG] [org.gradle.internal.watch.vfs.impl.WatchingVirtualFileSystem] Handling VFS change MODIFIED /Users/victoriamarin/Downloads/proyecto 5/Library/Bee/Android/Prj/Mono2x/Gradle/unityLibrary/src/main/AndroidManifest.xml
2024-06-06T17:16:19.462-0500 [DEBUG] [org.gradle.internal.remote.internal.inet.TcpIncomingConnector] Accepted connection from /127.0.0.1:51971 to /127.0.0.1:51633.
2024-06-06T17:16:19.483-0500 [DEBUG] [org.gradle.launcher.daemon.server.SynchronizedDispatchConnection] thread 242: received class org.gradle.launcher.daemon.protocol.Build
2024-06-06T17:16:19.484-0500 [DEBUG] [org.gradle.launcher.daemon.server.DefaultDaemonConnection] thread 242: Received non-IO message from client: Build{id=44c7d85d-512b-4695-9c50-09f63b1daab3, currentDir=/Users/victoriamarin/Downloads/proyecto 5/Library/Bee/Android/Prj/Mono2x/Gradle/launcher}
2024-06-06T17:16:19.484-0500 [INFO] [org.gradle.launcher.daemon.server.DefaultIncomingConnectionHandler] Received command: Build{id=44c7d85d-512b-4695-9c50-09f63b1daab3, currentDir=/Users/victoriamarin/Downloads/proyecto 5/Library/Bee/Android/Prj/Mono2x/Gradle/launcher}.
2024-06-06T17:16:19.485-0500 [DEBUG] [org.gradle.launcher.daemon.server.DefaultIncomingConnectionHandler] Starting executing command: Build{id=44c7d85d-512b-4695-9c50-09f63b1daab3, currentDir=/Users/victoriamarin/Downloads/proyecto 5/Library/Bee/Android/Prj/Mono2x/Gradle/launcher} with connection: socket connection from /127.0.0.1:51633 to /127.0.0.1:51971.
2024-06-06T17:16:19.486-0500 [DEBUG] [org.gradle.launcher.daemon.server.DaemonStateCoordinator] Command execution: started DaemonCommandExecution[command = Build{id=44c7d85d-512b-4695-9c50-09f63b1daab3, currentDir=/Users/victoriamarin/Downloads/proyecto 5/Library/Bee/Android/Prj/Mono2x/Gradle/launcher}, connection = DefaultDaemonConnection: socket connection from /127.0.0.1:51633 to /127.0.0.1:51971] after 6.0 minutes of idle
2024-06-06T17:16:19.490-0500 [INFO] [org.gradle.launcher.daemon.server.DaemonRegistryUpdater] Marking the daemon as busy, address: [b05bccea-4b99-43d7-aa15-fac7a48638b2 port:51633, addresses:[localhost/127.0.0.1]]
2024-06-06T17:16:19.490-0500 [DEBUG] [org.gradle.launcher.daemon.registry.PersistentDaemonRegistry] Marking busy by address: [b05bccea-4b99-43d7-aa15-fac7a48638b2 port:51633, addresses:[localhost/127.0.0.1]]
2024-06-06T17:16:19.491-0500 [DEBUG] [org.gradle.cache.internal.DefaultFileLockManager] Waiting to acquire exclusive lock on daemon addresses registry.
2024-06-06T17:16:19.491-0500 [DEBUG] [org.gradle.cache.internal.DefaultFileLockManager] Lock acquired on daemon addresses registry.
2024-06-06T17:16:19.492-0500 [DEBUG] [org.gradle.cache.internal.DefaultFileLockManager] Releasing lock on daemon addresses registry.
2024-06-06T17:16:19.492-0500 [DEBUG] [org.gradle.launcher.daemon.server.DaemonStateCoordinator] resetting idle timer
2024-06-06T17:16:19.493-0500 [DEBUG] [org.gradle.launcher.daemon.server.DaemonStateCoordinator] daemon is running. Sleeping until state changes.
2024-06-06T17:16:19.493-0500 [INFO] [org.gradle.launcher.daemon.server.exec.StartBuildOrRespondWithBusy] Daemon is about to start building Build{id=44c7d85d-512b-4695-9c50-09f63b1daab3, currentDir=/Users/victoriamarin/Downloads/proyecto 5/Library/Bee/Android/Prj/Mono2x/Gradle/launcher}. Dispatching build started information...
2024-06-06T17:16:19.493-0500 [DEBUG] [org.gradle.launcher.daemon.server.SynchronizedDispatchConnection] thread 244: dispatching org.gradle.launcher.daemon.protocol.BuildStarted@1e98af01
2024-06-06T17:16:19.495-0500 [DEBUG] [org.gradle.launcher.daemon.server.exec.EstablishBuildEnvironment] Configuring env variables: [PATH, AMPLITUDE_TOKEN_YELLOWBUCKET_DEV, AMPLITUDE_TOKEN_YELLOWBUCKET_PROD, MallocNanoZone, SENTRY_ACCESS_TOKEN, JAVA_HOME, AMPLITUDE_API_KEY_YELLOWBUCKET_DEV, AMPLITUDE_TOKEN_GREENBUCKET_DEV, AMPLITUDE_TOKEN_REDBUCKET_PROD, WOOTRIC_CLIENT_TOKEN, COMMAND_MODE, AMPLITUDE_API_KEY_YELLOWBUCKET_PROD, JAVA_TOOL_OPTIONS, AMPLITUDE_API_KEY_GREENBUCKET_PROD, AMPLITUDE_TOKEN_GREENBUCKET_PROD, AMPLITUDE_API_KEY_REDBUCKET_DEV, LOGNAME, XPC_SERVICE_NAME, AMPLITUDE_API_KEY_GREENBUCKET_DEV, __CFBundleIdentifier, SHELL, AMPLITUDE_TOKEN_REDBUCKET_DEV, ANDROID_NDK_ROOT, DEBUG_ENV_VAR, USER, TMPDIR, ORIGINAL_XDG_CURRENT_DESKTOP, AMPLITUDE_API_KEY, SSH_AUTH_SOCK, AMPLITUDE_API_KEY_STAGING, XPC_FLAGS, AMPLITUDE_API_KEY_REDBUCKET_PROD, __CF_USER_TEXT_ENCODING, AMPLITUDE_DEPLOYMENT_KEY_RED_BUCKET_PROD, AMPLITUDE_DEPLOYMENT_KEY_RED_BUCKET_DEV, JAVA_MAIN_CLASS_19463, HOME]
2024-06-06T17:16:19.497-0500 [DEBUG] [org.gradle.launcher.daemon.server.exec.LogToClient] About to start relaying all logs to the client via the connection.
2024-06-06T17:16:19.498-0500 [INFO] [org.gradle.launcher.daemon.server.exec.LogToClient] The client will now receive all logging from the daemon (pid: 19198). The daemon log file: /Users/victoriamarin/.gradle/daemon/7.2/daemon-19198.out.log
2024-06-06T17:16:19.501-0500 [INFO] [org.gradle.launcher.daemon.server.exec.LogAndCheckHealth] Starting 2nd build in daemon [uptime: 8 mins 47.534 secs, performance: 100%]
2024-06-06T17:16:19.502-0500 [DEBUG] [org.gradle.launcher.daemon.server.exec.ExecuteBuild] The daemon has started executing the build.
2024-06-06T17:16:19.504-0500 [DEBUG] [org.gradle.launcher.daemon.server.exec.ExecuteBuild] Executing build with daemon context: DefaultDaemonContext[uid=bf65fa1e-52e8-4b56-a871-74da22f3df88,javaHome=/Applications/Unity/Hub/Editor/2022.3.22f1/PlaybackEngines/AndroidPlayer/OpenJDK,daemonRegistryDir=/Users/victoriamarin/.gradle/daemon,pid=19198,idleTimeout=10800000,priority=NORMAL,daemonOpts=--add-opens,java.base/java.util=ALL-UNNAMED,--add-opens,java.base/java.lang=ALL-UNNAMED,--add-opens,java.base/java.lang.invoke=ALL-UNNAMED,--add-opens,java.base/java.util=ALL-UNNAMED,--add-opens,java.prefs/java.util.prefs=ALL-UNNAMED,--add-opens,java.prefs/java.util.prefs=ALL-UNNAMED,--add-opens,java.base/java.nio.charset=ALL-UNNAMED,--add-opens,java.base/java.net=ALL-UNNAMED,--add-opens,java.base/java.util.concurrent.atomic=ALL-UNNAMED,-Xmx4096m,-Dfile.encoding=UTF-8,-Duser.country=MX,-Duser.language=en,-Duser.variant]

BUILD SUCCESSFUL in 4s
100 actionable tasks: 5 executed, 95 up-to-date
2024-06-06T17:16:23.211-0500 [DEBUG] [org.gradle.launcher.daemon.server.exec.ExecuteBuild] The daemon has finished executing the build.
2024-06-06T17:16:23.222-0500 [DEBUG] [org.gradle.launcher.daemon.server.DaemonStateCoordinator] daemon is running. Sleeping until state changes.
2024-06-06T17:16:23.223-0500 [DEBUG] [org.gradle.launcher.daemon.server.DaemonStateCoordinator] Command execution: finished waiting for DaemonCommandExecution[command = Build{id=44c7d85d-512b-4695-9c50-09f63b1daab3, currentDir=/Users/victoriamarin/Downloads/proyecto 5/Library/Bee/Android/Prj/Mono2x/Gradle/launcher}, connection = DefaultDaemonConnection: socket connection from /127.0.0.1:51633 to /127.0.0.1:51971]. Result org.gradle.launcher.daemon.server.DaemonStateCoordinator@6f95e280 with state Busy
2024-06-06T17:16:23.223-0500 [DEBUG] [org.gradle.launcher.daemon.server.DaemonStateCoordinator] Command execution: completed DaemonCommandExecution[command = Build{id=44c7d85d-512b-4695-9c50-09f63b1daab3, currentDir=/Users/victoriamarin/Downloads/proyecto 5/Library/Bee/Android/Prj/Mono2x/Gradle/launcher}, connection = DefaultDaemonConnection: socket connection from /127.0.0.1:51633 to /127.0.0.1:51971]
2024-06-06T17:16:23.223-0500 [DEBUG] [org.gradle.launcher.daemon.server.DaemonStateCoordinator] resetting idle timer
2024-06-06T17:16:23.223-0500 [INFO] [org.gradle.launcher.daemon.server.DaemonRegistryUpdater] Marking the daemon as idle, address: [b05bccea-4b99-43d7-aa15-fac7a48638b2 port:51633, addresses:[localhost/127.0.0.1]]
2024-06-06T17:16:23.224-0500 [DEBUG] [org.gradle.launcher.daemon.registry.PersistentDaemonRegistry] Marking busy by address: [b05bccea-4b99-43d7-aa15-fac7a48638b2 port:51633, addresses:[localhost/127.0.0.1]]
2024-06-06T17:16:23.224-0500 [DEBUG] [org.gradle.cache.internal.DefaultFileLockManager] Waiting to acquire exclusive lock on daemon addresses registry.
2024-06-06T17:16:23.226-0500 [DEBUG] [org.gradle.cache.internal.DefaultFileLockManager] Lock acquired on daemon addresses registry.
2024-06-06T17:16:23.228-0500 [DEBUG] [org.gradle.cache.internal.DefaultFileLockManager] Releasing lock on daemon addresses registry.
2024-06-06T17:16:23.228-0500 [DEBUG] [org.gradle.launcher.daemon.server.DaemonStateCoordinator] daemon is running. Sleeping until state changes.
2024-06-06T17:16:23.228-0500 [DEBUG] [org.gradle.launcher.daemon.server.exec.ReturnResult] Daemon is dispatching the build result: Success[value=org.gradle.launcher.exec.BuildActionResult@1a554e82]
2024-06-06T17:16:23.228-0500 [DEBUG] [org.gradle.launcher.daemon.server.SynchronizedDispatchConnection] thread 241: dispatching Success[value=org.gradle.launcher.exec.BuildActionResult@1a554e82]
2024-06-06T17:16:23.229-0500 [DEBUG] [org.gradle.launcher.daemon.server.DefaultIncomingConnectionHandler] Finishing executing command: Build{id=44c7d85d-512b-4695-9c50-09f63b1daab3, currentDir=/Users/victoriamarin/Downloads/proyecto 5/Library/Bee/Android/Prj/Mono2x/Gradle/launcher}
2024-06-06T17:16:23.230-0500 [DEBUG] [org.gradle.launcher.daemon.server.SynchronizedDispatchConnection] thread 242: received class org.gradle.launcher.daemon.protocol.CloseInput
2024-06-06T17:16:23.230-0500 [DEBUG] [org.gradle.launcher.daemon.server.DefaultDaemonConnection] thread 242: Received IO message from client: org.gradle.launcher.daemon.protocol.CloseInput@32bd9525
2024-06-06T17:16:23.231-0500 [DEBUG] [org.gradle.launcher.daemon.server.SynchronizedDispatchConnection] thread 242: received class org.gradle.launcher.daemon.protocol.Finished
2024-06-06T17:16:23.231-0500 [DEBUG] [org.gradle.launcher.daemon.server.DefaultDaemonConnection] thread 242: Received non-IO message from client: org.gradle.launcher.daemon.protocol.Finished@3c7a6d02
2024-06-06T17:16:23.231-0500 [DEBUG] [org.gradle.launcher.daemon.server.DefaultIncomingConnectionHandler] Received finished message: org.gradle.launcher.daemon.protocol.Finished@3c7a6d02
2024-06-06T17:16:23.231-0500 [DEBUG] [org.gradle.launcher.daemon.server.SynchronizedDispatchConnection] thread 241: stopping connection
2024-06-06T17:16:23.232-0500 [DEBUG] [org.gradle.internal.remote.internal.inet.SocketConnection] Discarding EOFException: java.io.EOFException
2024-06-06T17:16:23.232-0500 [DEBUG] [org.gradle.launcher.daemon.server.SynchronizedDispatchConnection] thread 242: received null
2024-06-06T17:16:23.232-0500 [DEBUG] [org.gradle.launcher.daemon.server.DefaultDaemonConnection] thread 242: Received end-of-input from client.
2024-06-06T17:16:23.232-0500 [DEBUG] [org.gradle.launcher.daemon.server.SynchronizedDispatchConnection] thread 241: stopping connection
2024-06-06T17:16:32.173-0500 [DEBUG] [org.gradle.cache.internal.DefaultFileLockManager] Waiting to acquire shared lock on daemon addresses registry.
2024-06-06T17:16:32.176-0500 [DEBUG] [org.gradle.cache.internal.DefaultFileLockManager] Lock acquired on daemon addresses registry.
2024-06-06T17:16:32.177-0500 [DEBUG] [org.gradle.cache.internal.DefaultFileLockManager] Releasing lock on daemon addresses registry.
2024-06-06T17:16:32.180-0500 [DEBUG] [org.gradle.cache.internal.DefaultFileLockManager] Waiting to acquire shared lock on daemon addresses registry.
2024-06-06T17:16:32.181-0500 [DEBUG] [org.gradle.cache.internal.DefaultFileLockManager] Lock acquired on daemon addresses registry.
2024-06-06T17:16:32.183-0500 [DEBUG] [org.gradle.cache.internal.DefaultFileLockManager] Releasing lock on daemon addresses registry.
2024-06-06T17:16:42.168-0500 [DEBUG] [org.gradle.cache.internal.DefaultFileLockManager] Waiting to acquire shared lock on daemon addresses registry.
2024-06-06T17:16:42.171-0500 [DEBUG] [org.gradle.cache.internal.DefaultFileLockManager] Lock acquired on daemon addresses registry.
2024-06-06T17:16:42.172-0500 [DEBUG] [org.gradle.cache.internal.DefaultFileLockManager] Releasing lock on daemon addresses registry.
2024-06-06T17:16:42.173-0500 [DEBUG] [org.gradle.cache.internal.DefaultFileLockManager] Waiting to acquire shared lock on daemon addresses registry.
2024-06-06T17:16:42.173-0500 [DEBUG] [org.gradle.cache.internal.DefaultFileLockManager] Lock acquired on daemon addresses registry.
2024-06-06T17:16:42.173-0500 [DEBUG] [org.gradle.cache.internal.DefaultFileLockManager] Releasing lock on daemon addresses registry.
2024-06-06T17:16:42.174-0500 [DEBUG] [org.gradle.cache.internal.DefaultFileLockManager] Waiting to acquire shared lock on daemon addresses registry.
2024-06-06T17:16:42.174-0500 [DEBUG] [org.gradle.cache.internal.DefaultFileLockManager] Lock acquired on daemon addresses registry.
2024-06-06T17:16:42.175-0500 [DEBUG] [org.gradle.cache.internal.DefaultFileLockManager] Releasing lock on daemon addresses registry.
2024-06-06T17:16:52.171-0500 [DEBUG] [org.gradle.cache.internal.DefaultFileLockManager] Waiting to acquire shared lock on daemon addresses registry.
2024-06-06T17:16:52.172-0500 [DEBUG] [org.gradle.cache.internal.DefaultFileLockManager] Lock acquired on daemon addresses registry.
2024-06-06T17:16:52.172-0500 [DEBUG] [org.gradle.cache.internal.DefaultFileLockManager] Releasing lock on daemon addresses registry.
2024-06-06T17:16:52.173-0500 [DEBUG] [org.gradle.cache.internal.DefaultFileLockManager] Waiting to acquire shared lock on daemon addresses registry.
2024-06-06T17:16:52.173-0500 [DEBUG] [org.gradle.cache.internal.DefaultFileLockManager] Lock acquired on daemon addresses registry.
2024-06-06T17:16:52.174-0500 [DEBUG] [org.gradle.cache.internal.DefaultFileLockManager] Releasing lock on daemon addresses registry.
2024-06-06T17:16:52.174-0500 [DEBUG] [org.gradle.cache.internal.DefaultFileLockManager] Waiting to acquire shared lock on daemon addresses registry.
2024-06-06T17:16:52.174-0500 [DEBUG] [org.gradle.cache.internal.DefaultFileLockManager] Lock acquired on daemon addresses registry.
2024-06-06T17:16:52.174-0500 [DEBUG] [org.gradle.cache.internal.DefaultFileLockManager] Releasing lock on daemon addresses registry.
2024-06-06T17:17:02.168-0500 [DEBUG] [org.gradle.cache.internal.DefaultFileLockManager] Waiting to acquire shared lock on daemon addresses registry.
2024-06-06T17:17:02.169-0500 [DEBUG] [org.gradle.cache.internal.DefaultFileLockManager] Lock acquired on daemon addresses registry.
2024-06-06T17:17:02.170-0500 [DEBUG] [org.gradle.cache.internal.DefaultFileLockManager] Releasing lock on daemon addresses registry.
2024-06-06T17:17:02.171-0500 [DEBUG] [org.gradle.cache.internal.DefaultFileLockManager] Waiting to acquire shared lock on daemon addresses registry.
2024-06-06T17:17:02.171-0500 [DEBUG] [org.gradle.cache.internal.DefaultFileLockManager] Lock acquired on daemon addresses registry.
2024-06-06T17:17:02.171-0500 [DEBUG] [org.gradle.cache.internal.DefaultFileLockManager] Releasing lock on daemon addresses registry.
2024-06-06T17:17:02.172-0500 [DEBUG] [org.gradle.cache.internal.DefaultFileLockManager] Waiting to acquire shared lock on daemon addresses registry.
2024-06-06T17:17:02.172-0500 [DEBUG] [org.gradle.cache.internal.DefaultFileLockManager] Lock acquired on daemon addresses registry.
2024-06-06T17:17:02.172-0500 [DEBUG] [org.gradle.cache.internal.DefaultFileLockManager] Releasing lock on daemon addresses registry.
2024-06-06T17:17:12.174-0500 [DEBUG] [org.gradle.cache.internal.DefaultFileLockManager] Waiting to acquire shared lock on daemon addresses registry.
2024-06-06T17:17:12.174-0500 [DEBUG] [org.gradle.cache.internal.DefaultFileLockManager] Lock acquired on daemon addresses registry.
2024-06-06T17:17:12.175-0500 [DEBUG] [org.gradle.cache.internal.DefaultFileLockManager] Releasing lock on daemon addresses registry.
2024-06-06T17:17:12.175-0500 [DEBUG] [org.gradle.cache.internal.DefaultFileLockManager] Waiting to acquire shared lock on daemon addresses registry.
2024-06-06T17:17:12.176-0500 [DEBUG] [org.gradle.cache.internal.DefaultFileLockManager] Lock acquired on daemon addresses registry.
2024-06-06T17:17:12.176-0500 [DEBUG] [org.gradle.cache.internal.DefaultFileLockManager] Releasing lock on daemon addresses registry.
2024-06-06T17:17:12.176-0500 [DEBUG] [org.gradle.cache.internal.DefaultFileLockManager] Waiting to acquire shared lock on daemon addresses registry.
2024-06-06T17:17:12.176-0500 [DEBUG] [org.gradle.cache.internal.DefaultFileLockManager] Lock acquired on daemon addresses registry.
2024-06-06T17:17:12.177-0500 [DEBUG] [org.gradle.cache.internal.DefaultFileLockManager] Releasing lock on daemon addresses registry.
2024-06-06T17:17:22.167-0500 [DEBUG] [org.gradle.cache.internal.DefaultFileLockManager] Waiting to acquire shared lock on daemon addresses registry.
2024-06-06T17:17:22.168-0500 [DEBUG] [org.gradle.cache.internal.DefaultFileLockManager] Lock acquired on daemon addresses registry.
2024-06-06T17:17:22.168-0500 [DEBUG] [org.gradle.cache.internal.DefaultFileLockManager] Releasing lock on daemon addresses registry.
2024-06-06T17:17:22.169-0500 [DEBUG] [org.gradle.cache.internal.DefaultFileLockManager] Waiting to acquire shared lock on daemon addresses registry.
2024-06-06T17:17:22.169-0500 [DEBUG] [org.gradle.cache.internal.DefaultFileLockManager] Lock acquired on daemon addresses registry.
2024-06-06T17:17:22.170-0500 [DEBUG] [org.gradle.cache.internal.DefaultFileLockManager] Releasing lock on daemon addresses registry.
2024-06-06T17:17:22.170-0500 [DEBUG] [org.gradle.cache.internal.DefaultFileLockManager] Waiting to acquire shared lock on daemon addresses registry.
2024-06-06T17:17:22.170-0500 [DEBUG] [org.gradle.cache.internal.DefaultFileLockManager] Lock acquired on daemon addresses registry.
2024-06-06T17:17:22.170-0500 [DEBUG] [org.gradle.cache.internal.DefaultFileLockManager] Releasing lock on daemon addresses registry.
2024-06-06T17:17:32.170-0500 [DEBUG] [org.gradle.cache.internal.DefaultFileLockManager] Waiting to acquire shared lock on daemon addresses registry.
2024-06-06T17:17:32.171-0500 [DEBUG] [org.gradle.cache.internal.DefaultFileLockManager] Lock acquired on daemon addresses registry.
2024-06-06T17:17:32.171-0500 [DEBUG] [org.gradle.cache.internal.DefaultFileLockManager] Releasing lock on daemon addresses registry.
2024-06-06T17:17:32.172-0500 [DEBUG] [org.gradle.cache.internal.DefaultFileLockManager] Waiting to acquire shared lock on daemon addresses registry.
2024-06-06T17:17:32.172-0500 [DEBUG] [org.gradle.cache.internal.DefaultFileLockManager] Lock acquired on daemon addresses registry.
2024-06-06T17:17:32.173-0500 [DEBUG] [org.gradle.cache.internal.DefaultFileLockManager] Releasing lock on daemon addresses registry.
2024-06-06T17:17:32.173-0500 [DEBUG] [org.gradle.cache.internal.DefaultFileLockManager] Waiting to acquire shared lock on daemon addresses registry.
2024-06-06T17:17:32.173-0500 [DEBUG] [org.gradle.cache.internal.DefaultFileLockManager] Lock acquired on daemon addresses registry.
2024-06-06T17:17:32.173-0500 [DEBUG] [org.gradle.cache.internal.DefaultFileLockManager] Releasing lock on daemon addresses registry.
2024-06-06T17:17:42.172-0500 [DEBUG] [org.gradle.cache.internal.DefaultFileLockManager] Waiting to acquire shared lock on daemon addresses registry.
2024-06-06T17:17:42.173-0500 [DEBUG] [org.gradle.cache.internal.DefaultFileLockManager] Lock acquired on daemon addresses registry.
2024-06-06T17:17:42.174-0500 [DEBUG] [org.gradle.cache.internal.DefaultFileLockManager] Releasing lock on daemon addresses registry.
2024-06-06T17:17:42.175-0500 [DEBUG] [org.gradle.cache.internal.DefaultFileLockManager] Waiting to acquire shared lock on daemon addresses registry.
2024-06-06T17:17:42.175-0500 [DEBUG] [org.gradle.cache.internal.DefaultFileLockManager] Lock acquired on daemon addresses registry.
2024-06-06T17:17:42.175-0500 [DEBUG] [org.gradle.cache.internal.DefaultFileLockManager] Releasing lock on daemon addresses registry.
2024-06-06T17:17:42.176-0500 [DEBUG] [org.gradle.cache.internal.DefaultFileLockManager] Waiting to acquire shared lock on daemon addresses registry.
2024-06-06T17:17:42.176-0500 [DEBUG] [org.gradle.cache.internal.DefaultFileLockManager] Lock acquired on daemon addresses registry.
2024-06-06T17:17:42.176-0500 [DEBUG] [org.gradle.cache.internal.DefaultFileLockManager] Releasing lock on daemon addresses registry.
2024-06-06T17:17:45.143-0500 [DEBUG] [org.gradle.internal.watch.vfs.impl.WatchingVirtualFileSystem] Handling VFS change REMOVED /Users/victoriamarin/Downloads/proyecto 5/Library/Bee/Android/Prj/Mono2x/Gradle/unityLibrary/src/main/assets/bin/Data/data.unity3d
2024-06-06T17:17:45.220-0500 [DEBUG] [org.gradle.internal.watch.vfs.impl.WatchingVirtualFileSystem] Handling VFS change REMOVED /Users/victoriamarin/Downloads/proyecto 5/Library/Bee/Android/Prj/Mono2x/Gradle/unityLibrary/src/main/assets/bin/Data/boot.config
2024-06-06T17:17:45.221-0500 [DEBUG] [org.gradle.internal.watch.vfs.impl.WatchingVirtualFileSystem] Handling VFS change REMOVED /Users/victoriamarin/Downloads/proyecto 5/Library/Bee/Android/Prj/Mono2x/Gradle/unityLibrary/src/main/assets/bin/Data/unity_app_guid
2024-06-06T17:17:45.298-0500 [DEBUG] [org.gradle.internal.watch.vfs.impl.WatchingVirtualFileSystem] Handling VFS change MODIFIED /Users/victoriamarin/Downloads/proyecto 5/Library/Bee/Android/Prj/Mono2x/Gradle/unityLibrary/xrmanifest.androidlib/AndroidManifest.xml
2024-06-06T17:17:45.298-0500 [DEBUG] [org.gradle.internal.watch.vfs.impl.WatchingVirtualFileSystem] Handling VFS change MODIFIED /Users/victoriamarin/Downloads/proyecto 5/Library/Bee/Android/Prj/Mono2x/Gradle/unityLibrary/proguard-unity.txt
2024-06-06T17:17:45.298-0500 [DEBUG] [org.gradle.internal.watch.vfs.impl.WatchingVirtualFileSystem] Handling VFS change MODIFIED /Users/victoriamarin/Downloads/proyecto 5/Library/Bee/Android/Prj/Mono2x/Gradle/unityLibrary/src/main/AndroidManifest.xml
2024-06-06T17:17:46.154-0500 [DEBUG] [org.gradle.internal.remote.internal.inet.TcpIncomingConnector] Accepted connection from /127.0.0.1:52004 to /127.0.0.1:51633.
2024-06-06T17:17:46.168-0500 [DEBUG] [org.gradle.launcher.daemon.server.SynchronizedDispatchConnection] thread 345: received class org.gradle.launcher.daemon.protocol.Build
2024-06-06T17:17:46.168-0500 [DEBUG] [org.gradle.launcher.daemon.server.DefaultDaemonConnection] thread 345: Received non-IO message from client: Build{id=b16a9215-9a04-4eda-b776-ec60e3b41892, currentDir=/Users/victoriamarin/Downloads/proyecto 5/Library/Bee/Android/Prj/Mono2x/Gradle/launcher}
2024-06-06T17:17:46.168-0500 [INFO] [org.gradle.launcher.daemon.server.DefaultIncomingConnectionHandler] Received command: Build{id=b16a9215-9a04-4eda-b776-ec60e3b41892, currentDir=/Users/victoriamarin/Downloads/proyecto 5/Library/Bee/Android/Prj/Mono2x/Gradle/launcher}.
2024-06-06T17:17:46.168-0500 [DEBUG] [org.gradle.launcher.daemon.server.DefaultIncomingConnectionHandler] Starting executing command: Build{id=b16a9215-9a04-4eda-b776-ec60e3b41892, currentDir=/Users/victoriamarin/Downloads/proyecto 5/Library/Bee/Android/Prj/Mono2x/Gradle/launcher} with connection: socket connection from /127.0.0.1:51633 to /127.0.0.1:52004.
2024-06-06T17:17:46.171-0500 [DEBUG] [org.gradle.launcher.daemon.server.DaemonStateCoordinator] Command execution: started DaemonCommandExecution[command = Build{id=b16a9215-9a04-4eda-b776-ec60e3b41892, currentDir=/Users/victoriamarin/Downloads/proyecto 5/Library/Bee/Android/Prj/Mono2x/Gradle/launcher}, connection = DefaultDaemonConnection: socket connection from /127.0.0.1:51633 to /127.0.0.1:52004] after 1.0 minutes of idle
2024-06-06T17:17:46.171-0500 [INFO] [org.gradle.launcher.daemon.server.DaemonRegistryUpdater] Marking the daemon as busy, address: [b05bccea-4b99-43d7-aa15-fac7a48638b2 port:51633, addresses:[localhost/127.0.0.1]]
2024-06-06T17:17:46.171-0500 [DEBUG] [org.gradle.launcher.daemon.registry.PersistentDaemonRegistry] Marking busy by address: [b05bccea-4b99-43d7-aa15-fac7a48638b2 port:51633, addresses:[localhost/127.0.0.1]]
2024-06-06T17:17:46.171-0500 [DEBUG] [org.gradle.cache.internal.DefaultFileLockManager] Waiting to acquire exclusive lock on daemon addresses registry.
2024-06-06T17:17:46.172-0500 [DEBUG] [org.gradle.cache.internal.DefaultFileLockManager] Lock acquired on daemon addresses registry.
2024-06-06T17:17:46.173-0500 [DEBUG] [org.gradle.cache.internal.DefaultFileLockManager] Releasing lock on daemon addresses registry.
2024-06-06T17:17:46.173-0500 [DEBUG] [org.gradle.launcher.daemon.server.DaemonStateCoordinator] resetting idle timer
2024-06-06T17:17:46.173-0500 [DEBUG] [org.gradle.launcher.daemon.server.DaemonStateCoordinator] daemon is running. Sleeping until state changes.
2024-06-06T17:17:46.173-0500 [INFO] [org.gradle.launcher.daemon.server.exec.StartBuildOrRespondWithBusy] Daemon is about to start building Build{id=b16a9215-9a04-4eda-b776-ec60e3b41892, currentDir=/Users/victoriamarin/Downloads/proyecto 5/Library/Bee/Android/Prj/Mono2x/Gradle/launcher}. Dispatching build started information...
2024-06-06T17:17:46.174-0500 [DEBUG] [org.gradle.launcher.daemon.server.SynchronizedDispatchConnection] thread 347: dispatching org.gradle.launcher.daemon.protocol.BuildStarted@2c2c7fee
2024-06-06T17:17:46.175-0500 [DEBUG] [org.gradle.launcher.daemon.server.exec.EstablishBuildEnvironment] Configuring env variables: [PATH, AMPLITUDE_TOKEN_YELLOWBUCKET_DEV, AMPLITUDE_TOKEN_YELLOWBUCKET_PROD, MallocNanoZone, SENTRY_ACCESS_TOKEN, JAVA_HOME, AMPLITUDE_API_KEY_YELLOWBUCKET_DEV, AMPLITUDE_TOKEN_GREENBUCKET_DEV, AMPLITUDE_TOKEN_REDBUCKET_PROD, WOOTRIC_CLIENT_TOKEN, COMMAND_MODE, AMPLITUDE_API_KEY_YELLOWBUCKET_PROD, JAVA_TOOL_OPTIONS, AMPLITUDE_API_KEY_GREENBUCKET_PROD, AMPLITUDE_TOKEN_GREENBUCKET_PROD, AMPLITUDE_API_KEY_REDBUCKET_DEV, LOGNAME, XPC_SERVICE_NAME, AMPLITUDE_API_KEY_GREENBUCKET_DEV, __CFBundleIdentifier, SHELL, AMPLITUDE_TOKEN_REDBUCKET_DEV, ANDROID_NDK_ROOT, DEBUG_ENV_VAR, USER, TMPDIR, ORIGINAL_XDG_CURRENT_DESKTOP, AMPLITUDE_API_KEY, SSH_AUTH_SOCK, AMPLITUDE_API_KEY_STAGING, XPC_FLAGS, AMPLITUDE_API_KEY_REDBUCKET_PROD, __CF_USER_TEXT_ENCODING, JAVA_MAIN_CLASS_19500, AMPLITUDE_DEPLOYMENT_KEY_RED_BUCKET_PROD, AMPLITUDE_DEPLOYMENT_KEY_RED_BUCKET_DEV, HOME]
2024-06-06T17:17:46.177-0500 [DEBUG] [org.gradle.launcher.daemon.server.exec.LogToClient] About to start relaying all logs to the client via the connection.
2024-06-06T17:17:46.177-0500 [INFO] [org.gradle.launcher.daemon.server.exec.LogToClient] The client will now receive all logging from the daemon (pid: 19198). The daemon log file: /Users/victoriamarin/.gradle/daemon/7.2/daemon-19198.out.log
2024-06-06T17:17:46.179-0500 [INFO] [org.gradle.launcher.daemon.server.exec.LogAndCheckHealth] Starting 3rd build in daemon [uptime: 10 mins 14.212 secs, performance: 100%]
2024-06-06T17:17:46.179-0500 [DEBUG] [org.gradle.launcher.daemon.server.exec.ExecuteBuild] The daemon has started executing the build.
2024-06-06T17:17:46.181-0500 [DEBUG] [org.gradle.launcher.daemon.server.exec.ExecuteBuild] Executing build with daemon context: DefaultDaemonContext[uid=bf65fa1e-52e8-4b56-a871-74da22f3df88,javaHome=/Applications/Unity/Hub/Editor/2022.3.22f1/PlaybackEngines/AndroidPlayer/OpenJDK,daemonRegistryDir=/Users/victoriamarin/.gradle/daemon,pid=19198,idleTimeout=10800000,priority=NORMAL,daemonOpts=--add-opens,java.base/java.util=ALL-UNNAMED,--add-opens,java.base/java.lang=ALL-UNNAMED,--add-opens,java.base/java.lang.invoke=ALL-UNNAMED,--add-opens,java.base/java.util=ALL-UNNAMED,--add-opens,java.prefs/java.util.prefs=ALL-UNNAMED,--add-opens,java.prefs/java.util.prefs=ALL-UNNAMED,--add-opens,java.base/java.nio.charset=ALL-UNNAMED,--add-opens,java.base/java.net=ALL-UNNAMED,--add-opens,java.base/java.util.concurrent.atomic=ALL-UNNAMED,-Xmx4096m,-Dfile.encoding=UTF-8,-Duser.country=MX,-Duser.language=en,-Duser.variant]
PackagingOptions.jniLibs.useLegacyPackaging should be set to true because android:extractNativeLibs is set to "true" in AndroidManifest.xml.

BUILD SUCCESSFUL in 4s
100 actionable tasks: 9 executed, 91 up-to-date
2024-06-06T17:17:49.948-0500 [DEBUG] [org.gradle.launcher.daemon.server.exec.ExecuteBuild] The daemon has finished executing the build.
2024-06-06T17:17:49.960-0500 [DEBUG] [org.gradle.launcher.daemon.server.DaemonStateCoordinator] daemon is running. Sleeping until state changes.
2024-06-06T17:17:49.961-0500 [DEBUG] [org.gradle.launcher.daemon.server.DaemonStateCoordinator] Command execution: finished waiting for DaemonCommandExecution[command = Build{id=b16a9215-9a04-4eda-b776-ec60e3b41892, currentDir=/Users/victoriamarin/Downloads/proyecto 5/Library/Bee/Android/Prj/Mono2x/Gradle/launcher}, connection = DefaultDaemonConnection: socket connection from /127.0.0.1:51633 to /127.0.0.1:52004]. Result org.gradle.launcher.daemon.server.DaemonStateCoordinator@6f95e280 with state Busy
2024-06-06T17:17:49.961-0500 [DEBUG] [org.gradle.launcher.daemon.server.DaemonStateCoordinator] Command execution: completed DaemonCommandExecution[command = Build{id=b16a9215-9a04-4eda-b776-ec60e3b41892, currentDir=/Users/victoriamarin/Downloads/proyecto 5/Library/Bee/Android/Prj/Mono2x/Gradle/launcher}, connection = DefaultDaemonConnection: socket connection from /127.0.0.1:51633 to /127.0.0.1:52004]
2024-06-06T17:17:49.961-0500 [DEBUG] [org.gradle.launcher.daemon.server.DaemonStateCoordinator] resetting idle timer
2024-06-06T17:17:49.961-0500 [INFO] [org.gradle.launcher.daemon.server.DaemonRegistryUpdater] Marking the daemon as idle, address: [b05bccea-4b99-43d7-aa15-fac7a48638b2 port:51633, addresses:[localhost/127.0.0.1]]
2024-06-06T17:17:49.961-0500 [DEBUG] [org.gradle.launcher.daemon.registry.PersistentDaemonRegistry] Marking busy by address: [b05bccea-4b99-43d7-aa15-fac7a48638b2 port:51633, addresses:[localhost/127.0.0.1]]
2024-06-06T17:17:49.962-0500 [DEBUG] [org.gradle.cache.internal.DefaultFileLockManager] Waiting to acquire exclusive lock on daemon addresses registry.
2024-06-06T17:17:49.965-0500 [DEBUG] [org.gradle.cache.internal.DefaultFileLockManager] Lock acquired on daemon addresses registry.
2024-06-06T17:17:49.967-0500 [DEBUG] [org.gradle.cache.internal.DefaultFileLockManager] Releasing lock on daemon addresses registry.
2024-06-06T17:17:49.967-0500 [DEBUG] [org.gradle.launcher.daemon.server.DaemonStateCoordinator] daemon is running. Sleeping until state changes.
2024-06-06T17:17:49.967-0500 [DEBUG] [org.gradle.launcher.daemon.server.exec.ReturnResult] Daemon is dispatching the build result: Success[value=org.gradle.launcher.exec.BuildActionResult@3589711]
2024-06-06T17:17:49.968-0500 [DEBUG] [org.gradle.launcher.daemon.server.SynchronizedDispatchConnection] thread 344: dispatching Success[value=org.gradle.launcher.exec.BuildActionResult@3589711]
2024-06-06T17:17:49.969-0500 [DEBUG] [org.gradle.launcher.daemon.server.DefaultIncomingConnectionHandler] Finishing executing command: Build{id=b16a9215-9a04-4eda-b776-ec60e3b41892, currentDir=/Users/victoriamarin/Downloads/proyecto 5/Library/Bee/Android/Prj/Mono2x/Gradle/launcher}
2024-06-06T17:17:49.970-0500 [DEBUG] [org.gradle.launcher.daemon.server.SynchronizedDispatchConnection] thread 345: received class org.gradle.launcher.daemon.protocol.CloseInput
2024-06-06T17:17:49.970-0500 [DEBUG] [org.gradle.launcher.daemon.server.DefaultDaemonConnection] thread 345: Received IO message from client: org.gradle.launcher.daemon.protocol.CloseInput@42290415
2024-06-06T17:17:49.970-0500 [DEBUG] [org.gradle.launcher.daemon.server.SynchronizedDispatchConnection] thread 345: received class org.gradle.launcher.daemon.protocol.Finished
2024-06-06T17:17:49.970-0500 [DEBUG] [org.gradle.launcher.daemon.server.DefaultDaemonConnection] thread 345: Received non-IO message from client: org.gradle.launcher.daemon.protocol.Finished@4ceef220
2024-06-06T17:17:49.971-0500 [DEBUG] [org.gradle.launcher.daemon.server.DefaultIncomingConnectionHandler] Received finished message: org.gradle.launcher.daemon.protocol.Finished@4ceef220
2024-06-06T17:17:49.971-0500 [DEBUG] [org.gradle.launcher.daemon.server.SynchronizedDispatchConnection] thread 344: stopping connection
2024-06-06T17:17:49.972-0500 [DEBUG] [org.gradle.internal.remote.internal.inet.SocketConnection] Discarding EOFException: java.io.EOFException
2024-06-06T17:17:49.972-0500 [DEBUG] [org.gradle.launcher.daemon.server.SynchronizedDispatchConnection] thread 345: received null
2024-06-06T17:17:49.972-0500 [DEBUG] [org.gradle.launcher.daemon.server.DefaultDaemonConnection] thread 345: Received end-of-input from client.
2024-06-06T17:17:49.972-0500 [DEBUG] [org.gradle.launcher.daemon.server.SynchronizedDispatchConnection] thread 344: stopping connection
2024-06-06T17:17:52.171-0500 [DEBUG] [org.gradle.cache.internal.DefaultFileLockManager] Waiting to acquire shared lock on daemon addresses registry.
2024-06-06T17:17:52.173-0500 [DEBUG] [org.gradle.cache.internal.DefaultFileLockManager] Lock acquired on daemon addresses registry.
2024-06-06T17:17:52.174-0500 [DEBUG] [org.gradle.cache.internal.DefaultFileLockManager] Releasing lock on daemon addresses registry.
2024-06-06T17:17:52.176-0500 [DEBUG] [org.gradle.cache.internal.DefaultFileLockManager] Waiting to acquire shared lock on daemon addresses registry.
2024-06-06T17:17:52.176-0500 [DEBUG] [org.gradle.cache.internal.DefaultFileLockManager] Lock acquired on daemon addresses registry.
2024-06-06T17:17:52.177-0500 [DEBUG] [org.gradle.cache.internal.DefaultFileLockManager] Releasing lock on daemon addresses registry.
2024-06-06T17:18:02.171-0500 [DEBUG] [org.gradle.cache.internal.DefaultFileLockManager] Waiting to acquire shared lock on daemon addresses registry.
2024-06-06T17:18:02.174-0500 [DEBUG] [org.gradle.cache.internal.DefaultFileLockManager] Lock acquired on daemon addresses registry.
2024-06-06T17:18:02.175-0500 [DEBUG] [org.gradle.cache.internal.DefaultFileLockManager] Releasing lock on daemon addresses registry.
2024-06-06T17:18:02.178-0500 [DEBUG] [org.gradle.cache.internal.DefaultFileLockManager] Waiting to acquire shared lock on daemon addresses registry.
2024-06-06T17:18:02.178-0500 [DEBUG] [org.gradle.cache.internal.DefaultFileLockManager] Lock acquired on daemon addresses registry.
2024-06-06T17:18:02.179-0500 [DEBUG] [org.gradle.cache.internal.DefaultFileLockManager] Releasing lock on daemon addresses registry.
2024-06-06T17:18:02.181-0500 [DEBUG] [org.gradle.cache.internal.DefaultFileLockManager] Waiting to acquire shared lock on daemon addresses registry.
2024-06-06T17:18:02.181-0500 [DEBUG] [org.gradle.cache.internal.DefaultFileLockManager] Lock acquired on daemon addresses registry.
2024-06-06T17:18:02.181-0500 [DEBUG] [org.gradle.cache.internal.DefaultFileLockManager] Releasing lock on daemon addresses registry.
2024-06-06T17:18:12.177-0500 [DEBUG] [org.gradle.cache.internal.DefaultFileLockManager] Waiting to acquire shared lock on daemon addresses registry.
2024-06-06T17:18:12.178-0500 [DEBUG] [org.gradle.cache.internal.DefaultFileLockManager] Lock acquired on daemon addresses registry.
2024-06-06T17:18:12.179-0500 [DEBUG] [org.gradle.cache.internal.DefaultFileLockManager] Releasing lock on daemon addresses registry.
2024-06-06T17:18:12.181-0500 [DEBUG] [org.gradle.cache.internal.DefaultFileLockManager] Waiting to acquire shared lock on daemon addresses registry.
2024-06-06T17:18:12.181-0500 [DEBUG] [org.gradle.cache.internal.DefaultFileLockManager] Lock acquired on daemon addresses registry.
2024-06-06T17:18:12.182-0500 [DEBUG] [org.gradle.cache.internal.DefaultFileLockManager] Releasing lock on daemon addresses registry.
2024-06-06T17:18:12.182-0500 [DEBUG] [org.gradle.cache.internal.DefaultFileLockManager] Waiting to acquire shared lock on daemon addresses registry.
2024-06-06T17:18:12.182-0500 [DEBUG] [org.gradle.cache.internal.DefaultFileLockManager] Lock acquired on daemon addresses registry.
2024-06-06T17:18:12.182-0500 [DEBUG] [org.gradle.cache.internal.DefaultFileLockManager] Releasing lock on daemon addresses registry.
2024-06-06T17:18:22.173-0500 [DEBUG] [org.gradle.cache.internal.DefaultFileLockManager] Waiting to acquire shared lock on daemon addresses registry.
2024-06-06T17:18:22.175-0500 [DEBUG] [org.gradle.cache.internal.DefaultFileLockManager] Lock acquired on daemon addresses registry.
2024-06-06T17:18:22.175-0500 [DEBUG] [org.gradle.cache.internal.DefaultFileLockManager] Releasing lock on daemon addresses registry.
2024-06-06T17:18:22.176-0500 [DEBUG] [org.gradle.cache.internal.DefaultFileLockManager] Waiting to acquire shared lock on daemon addresses registry.
2024-06-06T17:18:22.177-0500 [DEBUG] [org.gradle.cache.internal.DefaultFileLockManager] Lock acquired on daemon addresses registry.
2024-06-06T17:18:22.177-0500 [DEBUG] [org.gradle.cache.internal.DefaultFileLockManager] Releasing lock on daemon addresses registry.
2024-06-06T17:18:22.177-0500 [DEBUG] [org.gradle.cache.internal.DefaultFileLockManager] Waiting to acquire shared lock on daemon addresses registry.
2024-06-06T17:18:22.178-0500 [DEBUG] [org.gradle.cache.internal.DefaultFileLockManager] Lock acquired on daemon addresses registry.
2024-06-06T17:18:22.178-0500 [DEBUG] [org.gradle.cache.internal.DefaultFileLockManager] Releasing lock on daemon addresses registry.
2024-06-06T17:18:32.172-0500 [DEBUG] [org.gradle.cache.internal.DefaultFileLockManager] Waiting to acquire shared lock on daemon addresses registry.
2024-06-06T17:18:32.177-0500 [DEBUG] [org.gradle.cache.internal.DefaultFileLockManager] Lock acquired on daemon addresses registry.
2024-06-06T17:18:32.180-0500 [DEBUG] [org.gradle.cache.internal.DefaultFileLockManager] Releasing lock on daemon addresses registry.
2024-06-06T17:18:32.181-0500 [DEBUG] [org.gradle.cache.internal.DefaultFileLockManager] Waiting to acquire shared lock on daemon addresses registry.
2024-06-06T17:18:32.181-0500 [DEBUG] [org.gradle.cache.internal.DefaultFileLockManager] Lock acquired on daemon addresses registry.
2024-06-06T17:18:32.182-0500 [DEBUG] [org.gradle.cache.internal.DefaultFileLockManager] Releasing lock on daemon addresses registry.
2024-06-06T17:18:32.182-0500 [DEBUG] [org.gradle.cache.internal.DefaultFileLockManager] Waiting to acquire shared lock on daemon addresses registry.
2024-06-06T17:18:32.182-0500 [DEBUG] [org.gradle.cache.internal.DefaultFileLockManager] Lock acquired on daemon addresses registry.
2024-06-06T17:18:32.183-0500 [DEBUG] [org.gradle.cache.internal.DefaultFileLockManager] Releasing lock on daemon addresses registry.
2024-06-06T17:18:42.169-0500 [DEBUG] [org.gradle.cache.internal.DefaultFileLockManager] Waiting to acquire shared lock on daemon addresses registry.
2024-06-06T17:18:42.186-0500 [DEBUG] [org.gradle.cache.internal.DefaultFileLockManager] Lock acquired on daemon addresses registry.
2024-06-06T17:18:42.191-0500 [DEBUG] [org.gradle.cache.internal.DefaultFileLockManager] Releasing lock on daemon addresses registry.
2024-06-06T17:18:42.193-0500 [DEBUG] [org.gradle.cache.internal.DefaultFileLockManager] Waiting to acquire shared lock on daemon addresses registry.
2024-06-06T17:18:42.194-0500 [DEBUG] [org.gradle.cache.internal.DefaultFileLockManager] Lock acquired on daemon addresses registry.
2024-06-06T17:18:42.195-0500 [DEBUG] [org.gradle.cache.internal.DefaultFileLockManager] Releasing lock on daemon addresses registry.
2024-06-06T17:18:42.198-0500 [DEBUG] [org.gradle.cache.internal.DefaultFileLockManager] Waiting to acquire shared lock on daemon addresses registry.
2024-06-06T17:18:42.198-0500 [DEBUG] [org.gradle.cache.internal.DefaultFileLockManager] Lock acquired on daemon addresses registry.
2024-06-06T17:18:42.198-0500 [DEBUG] [org.gradle.cache.internal.DefaultFileLockManager] Releasing lock on daemon addresses registry.
2024-06-06T17:18:52.172-0500 [DEBUG] [org.gradle.cache.internal.DefaultFileLockManager] Waiting to acquire shared lock on daemon addresses registry.
2024-06-06T17:18:52.174-0500 [DEBUG] [org.gradle.cache.internal.DefaultFileLockManager] Lock acquired on daemon addresses registry.
2024-06-06T17:18:52.174-0500 [DEBUG] [org.gradle.cache.internal.DefaultFileLockManager] Releasing lock on daemon addresses registry.
2024-06-06T17:18:52.177-0500 [DEBUG] [org.gradle.cache.internal.DefaultFileLockManager] Waiting to acquire shared lock on daemon addresses registry.
2024-06-06T17:18:52.178-0500 [DEBUG] [org.gradle.cache.internal.DefaultFileLockManager] Lock acquired on daemon addresses registry.
2024-06-06T17:18:52.178-0500 [DEBUG] [org.gradle.cache.internal.DefaultFileLockManager] Releasing lock on daemon addresses registry.
2024-06-06T17:18:52.179-0500 [DEBUG] [org.gradle.cache.internal.DefaultFileLockManager] Waiting to acquire shared lock on daemon addresses registry.
2024-06-06T17:18:52.179-0500 [DEBUG] [org.gradle.cache.internal.DefaultFileLockManager] Lock acquired on daemon addresses registry.
2024-06-06T17:18:52.180-0500 [DEBUG] [org.gradle.cache.internal.DefaultFileLockManager] Releasing lock on daemon addresses registry.
2024-06-06T17:19:02.169-0500 [DEBUG] [org.gradle.cache.internal.DefaultFileLockManager] Waiting to acquire shared lock on daemon addresses registry.
2024-06-06T17:19:02.169-0500 [DEBUG] [org.gradle.cache.internal.DefaultFileLockManager] Lock acquired on daemon addresses registry.
2024-06-06T17:19:02.170-0500 [DEBUG] [org.gradle.cache.internal.DefaultFileLockManager] Releasing lock on daemon addresses registry.
2024-06-06T17:19:02.170-0500 [DEBUG] [org.gradle.cache.internal.DefaultFileLockManager] Waiting to acquire shared lock on daemon addresses registry.
2024-06-06T17:19:02.171-0500 [DEBUG] [org.gradle.cache.internal.DefaultFileLockManager] Lock acquired on daemon addresses registry.
2024-06-06T17:19:02.171-0500 [DEBUG] [org.gradle.cache.internal.DefaultFileLockManager] Releasing lock on daemon addresses registry.
2024-06-06T17:19:02.172-0500 [DEBUG] [org.gradle.cache.internal.DefaultFileLockManager] Waiting to acquire shared lock on daemon addresses registry.
2024-06-06T17:19:02.172-0500 [DEBUG] [org.gradle.cache.internal.DefaultFileLockManager] Lock acquired on daemon addresses registry.
2024-06-06T17:19:02.172-0500 [DEBUG] [org.gradle.cache.internal.DefaultFileLockManager] Releasing lock on daemon addresses registry.
2024-06-06T17:19:12.172-0500 [DEBUG] [org.gradle.cache.internal.DefaultFileLockManager] Waiting to acquire shared lock on daemon addresses registry.
2024-06-06T17:19:12.175-0500 [DEBUG] [org.gradle.cache.internal.DefaultFileLockManager] Lock acquired on daemon addresses registry.
2024-06-06T17:19:12.176-0500 [DEBUG] [org.gradle.cache.internal.DefaultFileLockManager] Releasing lock on daemon addresses registry.
2024-06-06T17:19:12.176-0500 [DEBUG] [org.gradle.cache.internal.DefaultFileLockManager] Waiting to acquire shared lock on daemon addresses registry.
2024-06-06T17:19:12.176-0500 [DEBUG] [org.gradle.cache.internal.DefaultFileLockManager] Lock acquired on daemon addresses registry.
2024-06-06T17:19:12.177-0500 [DEBUG] [org.gradle.cache.internal.DefaultFileLockManager] Releasing lock on daemon addresses registry.
2024-06-06T17:19:12.177-0500 [DEBUG] [org.gradle.cache.internal.DefaultFileLockManager] Waiting to acquire shared lock on daemon addresses registry.
2024-06-06T17:19:12.177-0500 [DEBUG] [org.gradle.cache.internal.DefaultFileLockManager] Lock acquired on daemon addresses registry.
2024-06-06T17:19:12.178-0500 [DEBUG] [org.gradle.cache.internal.DefaultFileLockManager] Releasing lock on daemon addresses registry.
2024-06-06T17:19:22.173-0500 [DEBUG] [org.gradle.cache.internal.DefaultFileLockManager] Waiting to acquire shared lock on daemon addresses registry.
2024-06-06T17:19:22.174-0500 [DEBUG] [org.gradle.cache.internal.DefaultFileLockManager] Lock acquired on daemon addresses registry.
2024-06-06T17:19:22.175-0500 [DEBUG] [org.gradle.cache.internal.DefaultFileLockManager] Releasing lock on daemon addresses registry.
2024-06-06T17:19:22.176-0500 [DEBUG] [org.gradle.cache.internal.DefaultFileLockManager] Waiting to acquire shared lock on daemon addresses registry.
2024-06-06T17:19:22.176-0500 [DEBUG] [org.gradle.cache.internal.DefaultFileLockManager] Lock acquired on daemon addresses registry.
2024-06-06T17:19:22.176-0500 [DEBUG] [org.gradle.cache.internal.DefaultFileLockManager] Releasing lock on daemon addresses registry.
2024-06-06T17:19:22.177-0500 [DEBUG] [org.gradle.cache.internal.DefaultFileLockManager] Waiting to acquire shared lock on daemon addresses registry.
2024-06-06T17:19:22.177-0500 [DEBUG] [org.gradle.cache.internal.DefaultFileLockManager] Lock acquired on daemon addresses registry.
2024-06-06T17:19:22.177-0500 [DEBUG] [org.gradle.cache.internal.DefaultFileLockManager] Releasing lock on daemon addresses registry.
2024-06-06T17:19:32.171-0500 [DEBUG] [org.gradle.cache.internal.DefaultFileLockManager] Waiting to acquire shared lock on daemon addresses registry.
2024-06-06T17:19:32.173-0500 [DEBUG] [org.gradle.cache.internal.DefaultFileLockManager] Lock acquired on daemon addresses registry.
2024-06-06T17:19:32.173-0500 [DEBUG] [org.gradle.cache.internal.DefaultFileLockManager] Releasing lock on daemon addresses registry.
2024-06-06T17:19:32.174-0500 [DEBUG] [org.gradle.cache.internal.DefaultFileLockManager] Waiting to acquire shared lock on daemon addresses registry.
2024-06-06T17:19:32.174-0500 [DEBUG] [org.gradle.cache.internal.DefaultFileLockManager] Lock acquired on daemon addresses registry.
2024-06-06T17:19:32.175-0500 [DEBUG] [org.gradle.cache.internal.DefaultFileLockManager] Releasing lock on daemon addresses registry.
2024-06-06T17:19:32.175-0500 [DEBUG] [org.gradle.cache.internal.DefaultFileLockManager] Waiting to acquire shared lock on daemon addresses registry.
2024-06-06T17:19:32.175-0500 [DEBUG] [org.gradle.cache.internal.DefaultFileLockManager] Lock acquired on daemon addresses registry.
2024-06-06T17:19:32.175-0500 [DEBUG] [org.gradle.cache.internal.DefaultFileLockManager] Releasing lock on daemon addresses registry.
2024-06-06T17:19:42.174-0500 [DEBUG] [org.gradle.cache.internal.DefaultFileLockManager] Waiting to acquire shared lock on daemon addresses registry.
2024-06-06T17:19:42.175-0500 [DEBUG] [org.gradle.cache.internal.DefaultFileLockManager] Lock acquired on daemon addresses registry.
2024-06-06T17:19:42.176-0500 [DEBUG] [org.gradle.cache.internal.DefaultFileLockManager] Releasing lock on daemon addresses registry.
2024-06-06T17:19:42.180-0500 [DEBUG] [org.gradle.cache.internal.DefaultFileLockManager] Waiting to acquire shared lock on daemon addresses registry.
2024-06-06T17:19:42.180-0500 [DEBUG] [org.gradle.cache.internal.DefaultFileLockManager] Lock acquired on daemon addresses registry.
2024-06-06T17:19:42.180-0500 [DEBUG] [org.gradle.cache.internal.DefaultFileLockManager] Releasing lock on daemon addresses registry.
2024-06-06T17:19:42.181-0500 [DEBUG] [org.gradle.cache.internal.DefaultFileLockManager] Waiting to acquire shared lock on daemon addresses registry.
2024-06-06T17:19:42.181-0500 [DEBUG] [org.gradle.cache.internal.DefaultFileLockManager] Lock acquired on daemon addresses registry.
2024-06-06T17:19:42.181-0500 [DEBUG] [org.gradle.cache.internal.DefaultFileLockManager] Releasing lock on daemon addresses registry.
2024-06-06T17:19:52.173-0500 [DEBUG] [org.gradle.cache.internal.DefaultFileLockManager] Waiting to acquire shared lock on daemon addresses registry.
2024-06-06T17:19:52.173-0500 [DEBUG] [org.gradle.cache.internal.DefaultFileLockManager] Lock acquired on daemon addresses registry.
2024-06-06T17:19:52.173-0500 [DEBUG] [org.gradle.cache.internal.DefaultFileLockManager] Releasing lock on daemon addresses registry.
2024-06-06T17:19:52.174-0500 [DEBUG] [org.gradle.cache.internal.DefaultFileLockManager] Waiting to acquire shared lock on daemon addresses registry.
2024-06-06T17:19:52.174-0500 [DEBUG] [org.gradle.cache.internal.DefaultFileLockManager] Lock acquired on daemon addresses registry.
2024-06-06T17:19:52.174-0500 [DEBUG] [org.gradle.cache.internal.DefaultFileLockManager] Releasing lock on daemon addresses registry.
2024-06-06T17:19:52.174-0500 [DEBUG] [org.gradle.cache.internal.DefaultFileLockManager] Waiting to acquire shared lock on daemon addresses registry.
2024-06-06T17:19:52.174-0500 [DEBUG] [org.gradle.cache.internal.DefaultFileLockManager] Lock acquired on daemon addresses registry.
2024-06-06T17:19:52.175-0500 [DEBUG] [org.gradle.cache.internal.DefaultFileLockManager] Releasing lock on daemon addresses registry.
2024-06-06T17:20:02.172-0500 [DEBUG] [org.gradle.cache.internal.DefaultFileLockManager] Waiting to acquire shared lock on daemon addresses registry.
2024-06-06T17:20:02.175-0500 [DEBUG] [org.gradle.cache.internal.DefaultFileLockManager] Lock acquired on daemon addresses registry.
2024-06-06T17:20:02.176-0500 [DEBUG] [org.gradle.cache.internal.DefaultFileLockManager] Releasing lock on daemon addresses registry.
2024-06-06T17:20:02.176-0500 [DEBUG] [org.gradle.cache.internal.DefaultFileLockManager] Waiting to acquire shared lock on daemon addresses registry.
2024-06-06T17:20:02.177-0500 [DEBUG] [org.gradle.cache.internal.DefaultFileLockManager] Lock acquired on daemon addresses registry.
2024-06-06T17:20:02.177-0500 [DEBUG] [org.gradle.cache.internal.DefaultFileLockManager] Releasing lock on daemon addresses registry.
2024-06-06T17:20:02.177-0500 [DEBUG] [org.gradle.cache.internal.DefaultFileLockManager] Waiting to acquire shared lock on daemon addresses registry.
2024-06-06T17:20:02.177-0500 [DEBUG] [org.gradle.cache.internal.DefaultFileLockManager] Lock acquired on daemon addresses registry.
2024-06-06T17:20:02.177-0500 [DEBUG] [org.gradle.cache.internal.DefaultFileLockManager] Releasing lock on daemon addresses registry.
2024-06-06T17:20:12.172-0500 [DEBUG] [org.gradle.cache.internal.DefaultFileLockManager] Waiting to acquire shared lock on daemon addresses registry.
2024-06-06T17:20:12.176-0500 [DEBUG] [org.gradle.cache.internal.DefaultFileLockManager] Lock acquired on daemon addresses registry.
2024-06-06T17:20:12.176-0500 [DEBUG] [org.gradle.cache.internal.DefaultFileLockManager] Releasing lock on daemon addresses registry.
2024-06-06T17:20:12.176-0500 [DEBUG] [org.gradle.cache.internal.DefaultFileLockManager] Waiting to acquire shared lock on daemon addresses registry.
2024-06-06T17:20:12.177-0500 [DEBUG] [org.gradle.cache.internal.DefaultFileLockManager] Lock acquired on daemon addresses registry.
2024-06-06T17:20:12.177-0500 [DEBUG] [org.gradle.cache.internal.DefaultFileLockManager] Releasing lock on daemon addresses registry.
2024-06-06T17:20:12.178-0500 [DEBUG] [org.gradle.cache.internal.DefaultFileLockManager] Waiting to acquire shared lock on daemon addresses registry.
2024-06-06T17:20:12.178-0500 [DEBUG] [org.gradle.cache.internal.DefaultFileLockManager] Lock acquired on daemon addresses registry.
2024-06-06T17:20:12.178-0500 [DEBUG] [org.gradle.cache.internal.DefaultFileLockManager] Releasing lock on daemon addresses registry.
2024-06-06T17:20:22.172-0500 [DEBUG] [org.gradle.cache.internal.DefaultFileLockManager] Waiting to acquire shared lock on daemon addresses registry.
2024-06-06T17:20:22.172-0500 [DEBUG] [org.gradle.cache.internal.DefaultFileLockManager] Lock acquired on daemon addresses registry.
2024-06-06T17:20:22.175-0500 [DEBUG] [org.gradle.cache.internal.DefaultFileLockManager] Releasing lock on daemon addresses registry.
2024-06-06T17:20:22.176-0500 [DEBUG] [org.gradle.cache.internal.DefaultFileLockManager] Waiting to acquire shared lock on daemon addresses registry.
2024-06-06T17:20:22.176-0500 [DEBUG] [org.gradle.cache.internal.DefaultFileLockManager] Lock acquired on daemon addresses registry.
2024-06-06T17:20:22.178-0500 [DEBUG] [org.gradle.cache.internal.DefaultFileLockManager] Releasing lock on daemon addresses registry.
2024-06-06T17:20:22.179-0500 [DEBUG] [org.gradle.cache.internal.DefaultFileLockManager] Waiting to acquire shared lock on daemon addresses registry.
2024-06-06T17:20:22.179-0500 [DEBUG] [org.gradle.cache.internal.DefaultFileLockManager] Lock acquired on daemon addresses registry.
2024-06-06T17:20:22.179-0500 [DEBUG] [org.gradle.cache.internal.DefaultFileLockManager] Releasing lock on daemon addresses registry.
2024-06-06T17:20:32.173-0500 [DEBUG] [org.gradle.cache.internal.DefaultFileLockManager] Waiting to acquire shared lock on daemon addresses registry.
2024-06-06T17:20:32.174-0500 [DEBUG] [org.gradle.cache.internal.DefaultFileLockManager] Lock acquired on daemon addresses registry.
2024-06-06T17:20:32.175-0500 [DEBUG] [org.gradle.cache.internal.DefaultFileLockManager] Releasing lock on daemon addresses registry.
2024-06-06T17:20:32.175-0500 [DEBUG] [org.gradle.cache.internal.DefaultFileLockManager] Waiting to acquire shared lock on daemon addresses registry.
2024-06-06T17:20:32.176-0500 [DEBUG] [org.gradle.cache.internal.DefaultFileLockManager] Lock acquired on daemon addresses registry.
2024-06-06T17:20:32.176-0500 [DEBUG] [org.gradle.cache.internal.DefaultFileLockManager] Releasing lock on daemon addresses registry.
2024-06-06T17:20:32.176-0500 [DEBUG] [org.gradle.cache.internal.DefaultFileLockManager] Waiting to acquire shared lock on daemon addresses registry.
2024-06-06T17:20:32.176-0500 [DEBUG] [org.gradle.cache.internal.DefaultFileLockManager] Lock acquired on daemon addresses registry.
2024-06-06T17:20:32.176-0500 [DEBUG] [org.gradle.cache.internal.DefaultFileLockManager] Releasing lock on daemon addresses registry.
2024-06-06T17:20:42.173-0500 [DEBUG] [org.gradle.cache.internal.DefaultFileLockManager] Waiting to acquire shared lock on daemon addresses registry.
2024-06-06T17:20:42.174-0500 [DEBUG] [org.gradle.cache.internal.DefaultFileLockManager] Lock acquired on daemon addresses registry.
2024-06-06T17:20:42.174-0500 [DEBUG] [org.gradle.cache.internal.DefaultFileLockManager] Releasing lock on daemon addresses registry.
2024-06-06T17:20:42.176-0500 [DEBUG] [org.gradle.cache.internal.DefaultFileLockManager] Waiting to acquire shared lock on daemon addresses registry.
2024-06-06T17:20:42.177-0500 [DEBUG] [org.gradle.cache.internal.DefaultFileLockManager] Lock acquired on daemon addresses registry.
2024-06-06T17:20:42.177-0500 [DEBUG] [org.gradle.cache.internal.DefaultFileLockManager] Releasing lock on daemon addresses registry.
2024-06-06T17:20:42.177-0500 [DEBUG] [org.gradle.cache.internal.DefaultFileLockManager] Waiting to acquire shared lock on daemon addresses registry.
2024-06-06T17:20:42.178-0500 [DEBUG] [org.gradle.cache.internal.DefaultFileLockManager] Lock acquired on daemon addresses registry.
2024-06-06T17:20:42.178-0500 [DEBUG] [org.gradle.cache.internal.DefaultFileLockManager] Releasing lock on daemon addresses registry.
2024-06-06T17:20:52.171-0500 [DEBUG] [org.gradle.cache.internal.DefaultFileLockManager] Waiting to acquire shared lock on daemon addresses registry.
2024-06-06T17:20:52.172-0500 [DEBUG] [org.gradle.cache.internal.DefaultFileLockManager] Lock acquired on daemon addresses registry.
2024-06-06T17:20:52.172-0500 [DEBUG] [org.gradle.cache.internal.DefaultFileLockManager] Releasing lock on daemon addresses registry.
2024-06-06T17:20:52.173-0500 [DEBUG] [org.gradle.cache.internal.DefaultFileLockManager] Waiting to acquire shared lock on daemon addresses registry.
2024-06-06T17:20:52.173-0500 [DEBUG] [org.gradle.cache.internal.DefaultFileLockManager] Lock acquired on daemon addresses registry.
2024-06-06T17:20:52.173-0500 [DEBUG] [org.gradle.cache.internal.DefaultFileLockManager] Releasing lock on daemon addresses registry.
2024-06-06T17:20:52.174-0500 [DEBUG] [org.gradle.cache.internal.DefaultFileLockManager] Waiting to acquire shared lock on daemon addresses registry.
2024-06-06T17:20:52.174-0500 [DEBUG] [org.gradle.cache.internal.DefaultFileLockManager] Lock acquired on daemon addresses registry.
2024-06-06T17:20:52.174-0500 [DEBUG] [org.gradle.cache.internal.DefaultFileLockManager] Releasing lock on daemon addresses registry.
2024-06-06T17:21:02.174-0500 [DEBUG] [org.gradle.cache.internal.DefaultFileLockManager] Waiting to acquire shared lock on daemon addresses registry.
2024-06-06T17:21:02.175-0500 [DEBUG] [org.gradle.cache.internal.DefaultFileLockManager] Lock acquired on daemon addresses registry.
2024-06-06T17:21:02.175-0500 [DEBUG] [org.gradle.cache.internal.DefaultFileLockManager] Releasing lock on daemon addresses registry.
2024-06-06T17:21:02.175-0500 [DEBUG] [org.gradle.cache.internal.DefaultFileLockManager] Waiting to acquire shared lock on daemon addresses registry.
2024-06-06T17:21:02.176-0500 [DEBUG] [org.gradle.cache.internal.DefaultFileLockManager] Lock acquired on daemon addresses registry.
2024-06-06T17:21:02.176-0500 [DEBUG] [org.gradle.cache.internal.DefaultFileLockManager] Releasing lock on daemon addresses registry.
2024-06-06T17:21:02.176-0500 [DEBUG] [org.gradle.cache.internal.DefaultFileLockManager] Waiting to acquire shared lock on daemon addresses registry.
2024-06-06T17:21:02.176-0500 [DEBUG] [org.gradle.cache.internal.DefaultFileLockManager] Lock acquired on daemon addresses registry.
2024-06-06T17:21:02.176-0500 [DEBUG] [org.gradle.cache.internal.DefaultFileLockManager] Releasing lock on daemon addresses registry.
2024-06-06T17:21:12.178-0500 [DEBUG] [org.gradle.cache.internal.DefaultFileLockManager] Waiting to acquire shared lock on daemon addresses registry.
2024-06-06T17:21:12.178-0500 [DEBUG] [org.gradle.cache.internal.DefaultFileLockManager] Lock acquired on daemon addresses registry.
2024-06-06T17:21:12.178-0500 [DEBUG] [org.gradle.cache.internal.DefaultFileLockManager] Releasing lock on daemon addresses registry.
2024-06-06T17:21:12.179-0500 [DEBUG] [org.gradle.cache.internal.DefaultFileLockManager] Waiting to acquire shared lock on daemon addresses registry.
2024-06-06T17:21:12.179-0500 [DEBUG] [org.gradle.cache.internal.DefaultFileLockManager] Lock acquired on daemon addresses registry.
2024-06-06T17:21:12.179-0500 [DEBUG] [org.gradle.cache.internal.DefaultFileLockManager] Releasing lock on daemon addresses registry.
2024-06-06T17:21:12.179-0500 [DEBUG] [org.gradle.cache.internal.DefaultFileLockManager] Waiting to acquire shared lock on daemon addresses registry.
2024-06-06T17:21:12.179-0500 [DEBUG] [org.gradle.cache.internal.DefaultFileLockManager] Lock acquired on daemon addresses registry.
2024-06-06T17:21:12.179-0500 [DEBUG] [org.gradle.cache.internal.DefaultFileLockManager] Releasing lock on daemon addresses registry.
2024-06-06T17:21:22.171-0500 [DEBUG] [org.gradle.cache.internal.DefaultFileLockManager] Waiting to acquire shared lock on daemon addresses registry.
2024-06-06T17:21:22.172-0500 [DEBUG] [org.gradle.cache.internal.DefaultFileLockManager] Lock acquired on daemon addresses registry.
2024-06-06T17:21:22.172-0500 [DEBUG] [org.gradle.cache.internal.DefaultFileLockManager] Releasing lock on daemon addresses registry.
2024-06-06T17:21:22.172-0500 [DEBUG] [org.gradle.cache.internal.DefaultFileLockManager] Waiting to acquire shared lock on daemon addresses registry.
2024-06-06T17:21:22.173-0500 [DEBUG] [org.gradle.cache.internal.DefaultFileLockManager] Lock acquired on daemon addresses registry.
2024-06-06T17:21:22.173-0500 [DEBUG] [org.gradle.cache.internal.DefaultFileLockManager] Releasing lock on daemon addresses registry.
2024-06-06T17:21:22.173-0500 [DEBUG] [org.gradle.cache.internal.DefaultFileLockManager] Waiting to acquire shared lock on daemon addresses registry.
2024-06-06T17:21:22.173-0500 [DEBUG] [org.gradle.cache.internal.DefaultFileLockManager] Lock acquired on daemon addresses registry.
2024-06-06T17:21:22.173-0500 [DEBUG] [org.gradle.cache.internal.DefaultFileLockManager] Releasing lock on daemon addresses registry.
2024-06-06T17:21:32.179-0500 [DEBUG] [org.gradle.cache.internal.DefaultFileLockManager] Waiting to acquire shared lock on daemon addresses registry.
2024-06-06T17:21:32.179-0500 [DEBUG] [org.gradle.cache.internal.DefaultFileLockManager] Lock acquired on daemon addresses registry.
2024-06-06T17:21:32.179-0500 [DEBUG] [org.gradle.cache.internal.DefaultFileLockManager] Releasing lock on daemon addresses registry.
2024-06-06T17:21:32.180-0500 [DEBUG] [org.gradle.cache.internal.DefaultFileLockManager] Waiting to acquire shared lock on daemon addresses registry.
2024-06-06T17:21:32.180-0500 [DEBUG] [org.gradle.cache.internal.DefaultFileLockManager] Lock acquired on daemon addresses registry.
2024-06-06T17:21:32.180-0500 [DEBUG] [org.gradle.cache.internal.DefaultFileLockManager] Releasing lock on daemon addresses registry.
2024-06-06T17:21:32.180-0500 [DEBUG] [org.gradle.cache.internal.DefaultFileLockManager] Waiting to acquire shared lock on daemon addresses registry.
2024-06-06T17:21:32.180-0500 [DEBUG] [org.gradle.cache.internal.DefaultFileLockManager] Lock acquired on daemon addresses registry.
2024-06-06T17:21:32.180-0500 [DEBUG] [org.gradle.cache.internal.DefaultFileLockManager] Releasing lock on daemon addresses registry.
2024-06-06T17:21:42.099-0500 [DEBUG] [org.gradle.cache.internal.DefaultFileLockManager] Waiting to acquire shared lock on daemon addresses registry.
2024-06-06T17:21:42.109-0500 [DEBUG] [org.gradle.cache.internal.DefaultFileLockManager] Lock acquired on daemon addresses registry.
2024-06-06T17:21:42.112-0500 [DEBUG] [org.gradle.cache.internal.DefaultFileLockManager] Releasing lock on daemon addresses registry.
2024-06-06T17:21:42.113-0500 [DEBUG] [org.gradle.cache.internal.DefaultFileLockManager] Waiting to acquire shared lock on daemon addresses registry.
2024-06-06T17:21:42.113-0500 [DEBUG] [org.gradle.cache.internal.DefaultFileLockManager] Lock acquired on daemon addresses registry.
2024-06-06T17:21:42.113-0500 [DEBUG] [org.gradle.cache.internal.DefaultFileLockManager] Releasing lock on daemon addresses registry.
2024-06-06T17:21:42.114-0500 [DEBUG] [org.gradle.cache.internal.DefaultFileLockManager] Waiting to acquire shared lock on daemon addresses registry.
2024-06-06T17:21:42.114-0500 [DEBUG] [org.gradle.cache.internal.DefaultFileLockManager] Lock acquired on daemon addresses registry.
2024-06-06T17:21:42.114-0500 [DEBUG] [org.gradle.cache.internal.DefaultFileLockManager] Releasing lock on daemon addresses registry.
2024-06-06T17:21:52.095-0500 [DEBUG] [org.gradle.cache.internal.DefaultFileLockManager] Waiting to acquire shared lock on daemon addresses registry.
2024-06-06T17:21:52.096-0500 [DEBUG] [org.gradle.cache.internal.DefaultFileLockManager] Lock acquired on daemon addresses registry.
2024-06-06T17:21:52.097-0500 [DEBUG] [org.gradle.cache.internal.DefaultFileLockManager] Releasing lock on daemon addresses registry.
2024-06-06T17:21:52.097-0500 [DEBUG] [org.gradle.cache.internal.DefaultFileLockManager] Waiting to acquire shared lock on daemon addresses registry.
2024-06-06T17:21:52.097-0500 [DEBUG] [org.gradle.cache.internal.DefaultFileLockManager] Lock acquired on daemon addresses registry.
2024-06-06T17:21:52.098-0500 [DEBUG] [org.gradle.cache.internal.DefaultFileLockManager] Releasing lock on daemon addresses registry.
2024-06-06T17:21:52.098-0500 [DEBUG] [org.gradle.cache.internal.DefaultFileLockManager] Waiting to acquire shared lock on daemon addresses registry.
2024-06-06T17:21:52.098-0500 [DEBUG] [org.gradle.cache.internal.DefaultFileLockManager] Lock acquired on daemon addresses registry.
2024-06-06T17:21:52.098-0500 [DEBUG] [org.gradle.cache.internal.DefaultFileLockManager] Releasing lock on daemon addresses registry.
2024-06-06T17:22:02.092-0500 [DEBUG] [org.gradle.cache.internal.DefaultFileLockManager] Waiting to acquire shared lock on daemon addresses registry.
2024-06-06T17:22:02.097-0500 [DEBUG] [org.gradle.cache.internal.DefaultFileLockManager] Lock acquired on daemon addresses registry.
2024-06-06T17:22:02.099-0500 [DEBUG] [org.gradle.cache.internal.DefaultFileLockManager] Releasing lock on daemon addresses registry.
2024-06-06T17:22:02.099-0500 [DEBUG] [org.gradle.cache.internal.DefaultFileLockManager] Waiting to acquire shared lock on daemon addresses registry.
2024-06-06T17:22:02.099-0500 [DEBUG] [org.gradle.cache.internal.DefaultFileLockManager] Lock acquired on daemon addresses registry.
2024-06-06T17:22:02.099-0500 [DEBUG] [org.gradle.cache.internal.DefaultFileLockManager] Releasing lock on daemon addresses registry.
2024-06-06T17:22:02.099-0500 [DEBUG] [org.gradle.cache.internal.DefaultFileLockManager] Waiting to acquire shared lock on daemon addresses registry.
2024-06-06T17:22:02.099-0500 [DEBUG] [org.gradle.cache.internal.DefaultFileLockManager] Lock acquired on daemon addresses registry.
2024-06-06T17:22:02.100-0500 [DEBUG] [org.gradle.cache.internal.DefaultFileLockManager] Releasing lock on daemon addresses registry.
2024-06-06T17:22:12.098-0500 [DEBUG] [org.gradle.cache.internal.DefaultFileLockManager] Waiting to acquire shared lock on daemon addresses registry.
2024-06-06T17:22:12.099-0500 [DEBUG] [org.gradle.cache.internal.DefaultFileLockManager] Lock acquired on daemon addresses registry.
2024-06-06T17:22:12.100-0500 [DEBUG] [org.gradle.cache.internal.DefaultFileLockManager] Releasing lock on daemon addresses registry.
2024-06-06T17:22:12.101-0500 [DEBUG] [org.gradle.cache.internal.DefaultFileLockManager] Waiting to acquire shared lock on daemon addresses registry.
2024-06-06T17:22:12.101-0500 [DEBUG] [org.gradle.cache.internal.DefaultFileLockManager] Lock acquired on daemon addresses registry.
2024-06-06T17:22:12.101-0500 [DEBUG] [org.gradle.cache.internal.DefaultFileLockManager] Releasing lock on daemon addresses registry.
2024-06-06T17:22:12.102-0500 [DEBUG] [org.gradle.cache.internal.DefaultFileLockManager] Waiting to acquire shared lock on daemon addresses registry.
2024-06-06T17:22:12.102-0500 [DEBUG] [org.gradle.cache.internal.DefaultFileLockManager] Lock acquired on daemon addresses registry.
2024-06-06T17:22:12.102-0500 [DEBUG] [org.gradle.cache.internal.DefaultFileLockManager] Releasing lock on daemon addresses registry.
2024-06-06T17:22:15.959-0500 [DEBUG] [org.gradle.internal.watch.vfs.impl.WatchingVirtualFileSystem] Handling VFS change MODIFIED /Users/victoriamarin/Downloads/proyecto 5/Library/Bee/Android/Prj/Mono2x/Gradle/unityLibrary/xrmanifest.androidlib/AndroidManifest.xml
2024-06-06T17:22:15.960-0500 [DEBUG] [org.gradle.internal.watch.vfs.impl.WatchingVirtualFileSystem] Handling VFS change MODIFIED /Users/victoriamarin/Downloads/proyecto 5/Library/Bee/Android/Prj/Mono2x/Gradle/unityLibrary/proguard-unity.txt
2024-06-06T17:22:15.960-0500 [DEBUG] [org.gradle.internal.watch.vfs.impl.WatchingVirtualFileSystem] Handling VFS change MODIFIED /Users/victoriamarin/Downloads/proyecto 5/Library/Bee/Android/Prj/Mono2x/Gradle/unityLibrary/src/main/AndroidManifest.xml
2024-06-06T17:22:16.790-0500 [DEBUG] [org.gradle.internal.remote.internal.inet.TcpIncomingConnector] Accepted connection from /127.0.0.1:52292 to /127.0.0.1:51633.
2024-06-06T17:22:16.803-0500 [DEBUG] [org.gradle.launcher.daemon.server.SynchronizedDispatchConnection] thread 457: received class org.gradle.launcher.daemon.protocol.Build
2024-06-06T17:22:16.803-0500 [DEBUG] [org.gradle.launcher.daemon.server.DefaultDaemonConnection] thread 457: Received non-IO message from client: Build{id=37e01ebc-9527-4e49-863d-d493172b0b35, currentDir=/Users/victoriamarin/Downloads/proyecto 5/Library/Bee/Android/Prj/Mono2x/Gradle/launcher}
2024-06-06T17:22:16.803-0500 [INFO] [org.gradle.launcher.daemon.server.DefaultIncomingConnectionHandler] Received command: Build{id=37e01ebc-9527-4e49-863d-d493172b0b35, currentDir=/Users/victoriamarin/Downloads/proyecto 5/Library/Bee/Android/Prj/Mono2x/Gradle/launcher}.
2024-06-06T17:22:16.803-0500 [DEBUG] [org.gradle.launcher.daemon.server.DefaultIncomingConnectionHandler] Starting executing command: Build{id=37e01ebc-9527-4e49-863d-d493172b0b35, currentDir=/Users/victoriamarin/Downloads/proyecto 5/Library/Bee/Android/Prj/Mono2x/Gradle/launcher} with connection: socket connection from /127.0.0.1:51633 to /127.0.0.1:52292.
2024-06-06T17:22:16.805-0500 [DEBUG] [org.gradle.launcher.daemon.server.DaemonStateCoordinator] Command execution: started DaemonCommandExecution[command = Build{id=37e01ebc-9527-4e49-863d-d493172b0b35, currentDir=/Users/victoriamarin/Downloads/proyecto 5/Library/Bee/Android/Prj/Mono2x/Gradle/launcher}, connection = DefaultDaemonConnection: socket connection from /127.0.0.1:51633 to /127.0.0.1:52292] after 4.0 minutes of idle
2024-06-06T17:22:16.805-0500 [INFO] [org.gradle.launcher.daemon.server.DaemonRegistryUpdater] Marking the daemon as busy, address: [b05bccea-4b99-43d7-aa15-fac7a48638b2 port:51633, addresses:[localhost/127.0.0.1]]
2024-06-06T17:22:16.805-0500 [DEBUG] [org.gradle.launcher.daemon.registry.PersistentDaemonRegistry] Marking busy by address: [b05bccea-4b99-43d7-aa15-fac7a48638b2 port:51633, addresses:[localhost/127.0.0.1]]
2024-06-06T17:22:16.805-0500 [DEBUG] [org.gradle.cache.internal.DefaultFileLockManager] Waiting to acquire exclusive lock on daemon addresses registry.
2024-06-06T17:22:16.805-0500 [DEBUG] [org.gradle.cache.internal.DefaultFileLockManager] Lock acquired on daemon addresses registry.
2024-06-06T17:22:16.807-0500 [DEBUG] [org.gradle.cache.internal.DefaultFileLockManager] Releasing lock on daemon addresses registry.
2024-06-06T17:22:16.809-0500 [DEBUG] [org.gradle.launcher.daemon.server.DaemonStateCoordinator] resetting idle timer
2024-06-06T17:22:16.809-0500 [DEBUG] [org.gradle.launcher.daemon.server.DaemonStateCoordinator] daemon is running. Sleeping until state changes.
2024-06-06T17:22:16.809-0500 [INFO] [org.gradle.launcher.daemon.server.exec.StartBuildOrRespondWithBusy] Daemon is about to start building Build{id=37e01ebc-9527-4e49-863d-d493172b0b35, currentDir=/Users/victoriamarin/Downloads/proyecto 5/Library/Bee/Android/Prj/Mono2x/Gradle/launcher}. Dispatching build started information...
2024-06-06T17:22:16.809-0500 [DEBUG] [org.gradle.launcher.daemon.server.SynchronizedDispatchConnection] thread 459: dispatching org.gradle.launcher.daemon.protocol.BuildStarted@6b56e4ca
2024-06-06T17:22:16.811-0500 [DEBUG] [org.gradle.launcher.daemon.server.exec.EstablishBuildEnvironment] Configuring env variables: [PATH, AMPLITUDE_TOKEN_YELLOWBUCKET_DEV, AMPLITUDE_TOKEN_YELLOWBUCKET_PROD, MallocNanoZone, SENTRY_ACCESS_TOKEN, JAVA_HOME, AMPLITUDE_API_KEY_YELLOWBUCKET_DEV, AMPLITUDE_TOKEN_GREENBUCKET_DEV, AMPLITUDE_TOKEN_REDBUCKET_PROD, WOOTRIC_CLIENT_TOKEN, COMMAND_MODE, AMPLITUDE_API_KEY_YELLOWBUCKET_PROD, JAVA_TOOL_OPTIONS, AMPLITUDE_API_KEY_GREENBUCKET_PROD, AMPLITUDE_TOKEN_GREENBUCKET_PROD, AMPLITUDE_API_KEY_REDBUCKET_DEV, JAVA_MAIN_CLASS_19655, LOGNAME, XPC_SERVICE_NAME, AMPLITUDE_API_KEY_GREENBUCKET_DEV, __CFBundleIdentifier, SHELL, AMPLITUDE_TOKEN_REDBUCKET_DEV, ANDROID_NDK_ROOT, DEBUG_ENV_VAR, USER, TMPDIR, ORIGINAL_XDG_CURRENT_DESKTOP, AMPLITUDE_API_KEY, SSH_AUTH_SOCK, AMPLITUDE_API_KEY_STAGING, XPC_FLAGS, AMPLITUDE_API_KEY_REDBUCKET_PROD, __CF_USER_TEXT_ENCODING, AMPLITUDE_DEPLOYMENT_KEY_RED_BUCKET_PROD, AMPLITUDE_DEPLOYMENT_KEY_RED_BUCKET_DEV, HOME]
2024-06-06T17:22:16.813-0500 [DEBUG] [org.gradle.launcher.daemon.server.exec.LogToClient] About to start relaying all logs to the client via the connection.
2024-06-06T17:22:16.813-0500 [INFO] [org.gradle.launcher.daemon.server.exec.LogToClient] The client will now receive all logging from the daemon (pid: 19198). The daemon log file: /Users/victoriamarin/.gradle/daemon/7.2/daemon-19198.out.log
2024-06-06T17:22:16.816-0500 [INFO] [org.gradle.launcher.daemon.server.exec.LogAndCheckHealth] Starting 4th build in daemon [uptime: 14 mins 44.924 secs, performance: 100%]
2024-06-06T17:22:16.816-0500 [DEBUG] [org.gradle.launcher.daemon.server.exec.ExecuteBuild] The daemon has started executing the build.
2024-06-06T17:22:16.817-0500 [DEBUG] [org.gradle.launcher.daemon.server.exec.ExecuteBuild] Executing build with daemon context: DefaultDaemonContext[uid=bf65fa1e-52e8-4b56-a871-74da22f3df88,javaHome=/Applications/Unity/Hub/Editor/2022.3.22f1/PlaybackEngines/AndroidPlayer/OpenJDK,daemonRegistryDir=/Users/victoriamarin/.gradle/daemon,pid=19198,idleTimeout=10800000,priority=NORMAL,daemonOpts=--add-opens,java.base/java.util=ALL-UNNAMED,--add-opens,java.base/java.lang=ALL-UNNAMED,--add-opens,java.base/java.lang.invoke=ALL-UNNAMED,--add-opens,java.base/java.util=ALL-UNNAMED,--add-opens,java.prefs/java.util.prefs=ALL-UNNAMED,--add-opens,java.prefs/java.util.prefs=ALL-UNNAMED,--add-opens,java.base/java.nio.charset=ALL-UNNAMED,--add-opens,java.base/java.net=ALL-UNNAMED,--add-opens,java.base/java.util.concurrent.atomic=ALL-UNNAMED,-Xmx4096m,-Dfile.encoding=UTF-8,-Duser.country=MX,-Duser.language=en,-Duser.variant]

BUILD SUCCESSFUL in 3s
100 actionable tasks: 5 executed, 95 up-to-date
2024-06-06T17:22:19.460-0500 [DEBUG] [org.gradle.launcher.daemon.server.exec.ExecuteBuild] The daemon has finished executing the build.
2024-06-06T17:22:19.466-0500 [DEBUG] [org.gradle.launcher.daemon.server.DaemonStateCoordinator] daemon is running. Sleeping until state changes.
2024-06-06T17:22:19.467-0500 [DEBUG] [org.gradle.launcher.daemon.server.DaemonStateCoordinator] Command execution: finished waiting for DaemonCommandExecution[command = Build{id=37e01ebc-9527-4e49-863d-d493172b0b35, currentDir=/Users/victoriamarin/Downloads/proyecto 5/Library/Bee/Android/Prj/Mono2x/Gradle/launcher}, connection = DefaultDaemonConnection: socket connection from /127.0.0.1:51633 to /127.0.0.1:52292]. Result org.gradle.launcher.daemon.server.DaemonStateCoordinator@6f95e280 with state Busy
2024-06-06T17:22:19.467-0500 [DEBUG] [org.gradle.launcher.daemon.server.DaemonStateCoordinator] Command execution: completed DaemonCommandExecution[command = Build{id=37e01ebc-9527-4e49-863d-d493172b0b35, currentDir=/Users/victoriamarin/Downloads/proyecto 5/Library/Bee/Android/Prj/Mono2x/Gradle/launcher}, connection = DefaultDaemonConnection: socket connection from /127.0.0.1:51633 to /127.0.0.1:52292]
2024-06-06T17:22:19.467-0500 [DEBUG] [org.gradle.launcher.daemon.server.DaemonStateCoordinator] resetting idle timer
2024-06-06T17:22:19.467-0500 [INFO] [org.gradle.launcher.daemon.server.DaemonRegistryUpdater] Marking the daemon as idle, address: [b05bccea-4b99-43d7-aa15-fac7a48638b2 port:51633, addresses:[localhost/127.0.0.1]]
2024-06-06T17:22:19.467-0500 [DEBUG] [org.gradle.launcher.daemon.registry.PersistentDaemonRegistry] Marking busy by address: [b05bccea-4b99-43d7-aa15-fac7a48638b2 port:51633, addresses:[localhost/127.0.0.1]]
2024-06-06T17:22:19.467-0500 [DEBUG] [org.gradle.cache.internal.DefaultFileLockManager] Waiting to acquire exclusive lock on daemon addresses registry.
2024-06-06T17:22:19.467-0500 [DEBUG] [org.gradle.cache.internal.DefaultFileLockManager] Lock acquired on daemon addresses registry.
2024-06-06T17:22:19.470-0500 [DEBUG] [org.gradle.cache.internal.DefaultFileLockManager] Releasing lock on daemon addresses registry.
2024-06-06T17:22:19.471-0500 [DEBUG] [org.gradle.launcher.daemon.server.exec.ReturnResult] Daemon is dispatching the build result: Success[value=org.gradle.launcher.exec.BuildActionResult@2171f4ad]
2024-06-06T17:22:19.471-0500 [DEBUG] [org.gradle.launcher.daemon.server.DaemonStateCoordinator] daemon is running. Sleeping until state changes.
2024-06-06T17:22:19.471-0500 [DEBUG] [org.gradle.launcher.daemon.server.SynchronizedDispatchConnection] thread 456: dispatching Success[value=org.gradle.launcher.exec.BuildActionResult@2171f4ad]
2024-06-06T17:22:19.471-0500 [DEBUG] [org.gradle.launcher.daemon.server.DefaultIncomingConnectionHandler] Finishing executing command: Build{id=37e01ebc-9527-4e49-863d-d493172b0b35, currentDir=/Users/victoriamarin/Downloads/proyecto 5/Library/Bee/Android/Prj/Mono2x/Gradle/launcher}
2024-06-06T17:22:19.472-0500 [DEBUG] [org.gradle.launcher.daemon.server.SynchronizedDispatchConnection] thread 457: received class org.gradle.launcher.daemon.protocol.CloseInput
2024-06-06T17:22:19.472-0500 [DEBUG] [org.gradle.launcher.daemon.server.DefaultDaemonConnection] thread 457: Received IO message from client: org.gradle.launcher.daemon.protocol.CloseInput@779bea38
2024-06-06T17:22:19.473-0500 [DEBUG] [org.gradle.launcher.daemon.server.SynchronizedDispatchConnection] thread 457: received class org.gradle.launcher.daemon.protocol.Finished
2024-06-06T17:22:19.473-0500 [DEBUG] [org.gradle.launcher.daemon.server.DefaultDaemonConnection] thread 457: Received non-IO message from client: org.gradle.launcher.daemon.protocol.Finished@795c1abb
2024-06-06T17:22:19.474-0500 [DEBUG] [org.gradle.launcher.daemon.server.DefaultIncomingConnectionHandler] Received finished message: org.gradle.launcher.daemon.protocol.Finished@795c1abb
2024-06-06T17:22:19.474-0500 [DEBUG] [org.gradle.launcher.daemon.server.SynchronizedDispatchConnection] thread 456: stopping connection
2024-06-06T17:22:19.474-0500 [DEBUG] [org.gradle.internal.remote.internal.inet.SocketConnection] Discarding EOFException: java.io.EOFException
2024-06-06T17:22:19.474-0500 [DEBUG] [org.gradle.launcher.daemon.server.SynchronizedDispatchConnection] thread 457: received null
2024-06-06T17:22:19.474-0500 [DEBUG] [org.gradle.launcher.daemon.server.DefaultDaemonConnection] thread 457: Received end-of-input from client.
2024-06-06T17:22:19.475-0500 [DEBUG] [org.gradle.launcher.daemon.server.SynchronizedDispatchConnection] thread 456: stopping connection
2024-06-06T17:22:22.094-0500 [DEBUG] [org.gradle.cache.internal.DefaultFileLockManager] Waiting to acquire shared lock on daemon addresses registry.
2024-06-06T17:22:22.095-0500 [DEBUG] [org.gradle.cache.internal.DefaultFileLockManager] Lock acquired on daemon addresses registry.
2024-06-06T17:22:22.100-0500 [DEBUG] [org.gradle.cache.internal.DefaultFileLockManager] Releasing lock on daemon addresses registry.
2024-06-06T17:22:22.101-0500 [DEBUG] [org.gradle.cache.internal.DefaultFileLockManager] Waiting to acquire shared lock on daemon addresses registry.
2024-06-06T17:22:22.102-0500 [DEBUG] [org.gradle.cache.internal.DefaultFileLockManager] Lock acquired on daemon addresses registry.
2024-06-06T17:22:22.102-0500 [DEBUG] [org.gradle.cache.internal.DefaultFileLockManager] Releasing lock on daemon addresses registry.
2024-06-06T17:22:32.095-0500 [DEBUG] [org.gradle.cache.internal.DefaultFileLockManager] Waiting to acquire shared lock on daemon addresses registry.
2024-06-06T17:22:32.096-0500 [DEBUG] [org.gradle.cache.internal.DefaultFileLockManager] Lock acquired on daemon addresses registry.
2024-06-06T17:22:32.096-0500 [DEBUG] [org.gradle.cache.internal.DefaultFileLockManager] Releasing lock on daemon addresses registry.
2024-06-06T17:22:32.097-0500 [DEBUG] [org.gradle.cache.internal.DefaultFileLockManager] Waiting to acquire shared lock on daemon addresses registry.
2024-06-06T17:22:32.097-0500 [DEBUG] [org.gradle.cache.internal.DefaultFileLockManager] Lock acquired on daemon addresses registry.
2024-06-06T17:22:32.097-0500 [DEBUG] [org.gradle.cache.internal.DefaultFileLockManager] Releasing lock on daemon addresses registry.
2024-06-06T17:22:32.097-0500 [DEBUG] [org.gradle.cache.internal.DefaultFileLockManager] Waiting to acquire shared lock on daemon addresses registry.
2024-06-06T17:22:32.097-0500 [DEBUG] [org.gradle.cache.internal.DefaultFileLockManager] Lock acquired on daemon addresses registry.
2024-06-06T17:22:32.097-0500 [DEBUG] [org.gradle.cache.internal.DefaultFileLockManager] Releasing lock on daemon addresses registry.
2024-06-06T17:22:33.975-0500 [DEBUG] [org.gradle.internal.watch.vfs.impl.WatchingVirtualFileSystem] Handling VFS change MODIFIED /Users/victoriamarin/Downloads/proyecto 5/Library/Bee/Android/Prj/Mono2x/Gradle/unityLibrary/xrmanifest.androidlib/AndroidManifest.xml
2024-06-06T17:22:33.979-0500 [DEBUG] [org.gradle.internal.watch.vfs.impl.WatchingVirtualFileSystem] Handling VFS change MODIFIED /Users/victoriamarin/Downloads/proyecto 5/Library/Bee/Android/Prj/Mono2x/Gradle/unityLibrary/proguard-unity.txt
2024-06-06T17:22:33.980-0500 [DEBUG] [org.gradle.internal.watch.vfs.impl.WatchingVirtualFileSystem] Handling VFS change MODIFIED /Users/victoriamarin/Downloads/proyecto 5/Library/Bee/Android/Prj/Mono2x/Gradle/unityLibrary/src/main/AndroidManifest.xml
2024-06-06T17:22:34.852-0500 [DEBUG] [org.gradle.internal.remote.internal.inet.TcpIncomingConnector] Accepted connection from /127.0.0.1:52337 to /127.0.0.1:51633.
2024-06-06T17:22:34.864-0500 [DEBUG] [org.gradle.launcher.daemon.server.SynchronizedDispatchConnection] thread 561: received class org.gradle.launcher.daemon.protocol.Build
2024-06-06T17:22:34.864-0500 [DEBUG] [org.gradle.launcher.daemon.server.DefaultDaemonConnection] thread 561: Received non-IO message from client: Build{id=6b77e300-6739-49d8-ad60-41bc5605b36a, currentDir=/Users/victoriamarin/Downloads/proyecto 5/Library/Bee/Android/Prj/Mono2x/Gradle/launcher}
2024-06-06T17:22:34.864-0500 [INFO] [org.gradle.launcher.daemon.server.DefaultIncomingConnectionHandler] Received command: Build{id=6b77e300-6739-49d8-ad60-41bc5605b36a, currentDir=/Users/victoriamarin/Downloads/proyecto 5/Library/Bee/Android/Prj/Mono2x/Gradle/launcher}.
2024-06-06T17:22:34.865-0500 [DEBUG] [org.gradle.launcher.daemon.server.DefaultIncomingConnectionHandler] Starting executing command: Build{id=6b77e300-6739-49d8-ad60-41bc5605b36a, currentDir=/Users/victoriamarin/Downloads/proyecto 5/Library/Bee/Android/Prj/Mono2x/Gradle/launcher} with connection: socket connection from /127.0.0.1:51633 to /127.0.0.1:52337.
2024-06-06T17:22:34.866-0500 [DEBUG] [org.gradle.launcher.daemon.server.DaemonStateCoordinator] Command execution: started DaemonCommandExecution[command = Build{id=6b77e300-6739-49d8-ad60-41bc5605b36a, currentDir=/Users/victoriamarin/Downloads/proyecto 5/Library/Bee/Android/Prj/Mono2x/Gradle/launcher}, connection = DefaultDaemonConnection: socket connection from /127.0.0.1:51633 to /127.0.0.1:52337] after 0.0 minutes of idle
2024-06-06T17:22:34.866-0500 [INFO] [org.gradle.launcher.daemon.server.DaemonRegistryUpdater] Marking the daemon as busy, address: [b05bccea-4b99-43d7-aa15-fac7a48638b2 port:51633, addresses:[localhost/127.0.0.1]]
2024-06-06T17:22:34.866-0500 [DEBUG] [org.gradle.launcher.daemon.registry.PersistentDaemonRegistry] Marking busy by address: [b05bccea-4b99-43d7-aa15-fac7a48638b2 port:51633, addresses:[localhost/127.0.0.1]]
2024-06-06T17:22:34.866-0500 [DEBUG] [org.gradle.cache.internal.DefaultFileLockManager] Waiting to acquire exclusive lock on daemon addresses registry.
2024-06-06T17:22:34.867-0500 [DEBUG] [org.gradle.cache.internal.DefaultFileLockManager] Lock acquired on daemon addresses registry.
2024-06-06T17:22:34.867-0500 [DEBUG] [org.gradle.cache.internal.DefaultFileLockManager] Releasing lock on daemon addresses registry.
2024-06-06T17:22:34.868-0500 [DEBUG] [org.gradle.launcher.daemon.server.DaemonStateCoordinator] resetting idle timer
2024-06-06T17:22:34.868-0500 [DEBUG] [org.gradle.launcher.daemon.server.DaemonStateCoordinator] daemon is running. Sleeping until state changes.
2024-06-06T17:22:34.868-0500 [INFO] [org.gradle.launcher.daemon.server.exec.StartBuildOrRespondWithBusy] Daemon is about to start building Build{id=6b77e300-6739-49d8-ad60-41bc5605b36a, currentDir=/Users/victoriamarin/Downloads/proyecto 5/Library/Bee/Android/Prj/Mono2x/Gradle/launcher}. Dispatching build started information...
2024-06-06T17:22:34.868-0500 [DEBUG] [org.gradle.launcher.daemon.server.SynchronizedDispatchConnection] thread 459: dispatching org.gradle.launcher.daemon.protocol.BuildStarted@25552765
2024-06-06T17:22:34.869-0500 [DEBUG] [org.gradle.launcher.daemon.server.exec.EstablishBuildEnvironment] Configuring env variables: [PATH, AMPLITUDE_TOKEN_YELLOWBUCKET_DEV, AMPLITUDE_TOKEN_YELLOWBUCKET_PROD, MallocNanoZone, SENTRY_ACCESS_TOKEN, JAVA_HOME, AMPLITUDE_API_KEY_YELLOWBUCKET_DEV, AMPLITUDE_TOKEN_GREENBUCKET_DEV, AMPLITUDE_TOKEN_REDBUCKET_PROD, WOOTRIC_CLIENT_TOKEN, COMMAND_MODE, AMPLITUDE_API_KEY_YELLOWBUCKET_PROD, JAVA_TOOL_OPTIONS, AMPLITUDE_API_KEY_GREENBUCKET_PROD, JAVA_MAIN_CLASS_19698, AMPLITUDE_TOKEN_GREENBUCKET_PROD, AMPLITUDE_API_KEY_REDBUCKET_DEV, LOGNAME, XPC_SERVICE_NAME, AMPLITUDE_API_KEY_GREENBUCKET_DEV, __CFBundleIdentifier, SHELL, AMPLITUDE_TOKEN_REDBUCKET_DEV, ANDROID_NDK_ROOT, DEBUG_ENV_VAR, USER, TMPDIR, ORIGINAL_XDG_CURRENT_DESKTOP, AMPLITUDE_API_KEY, SSH_AUTH_SOCK, AMPLITUDE_API_KEY_STAGING, XPC_FLAGS, AMPLITUDE_API_KEY_REDBUCKET_PROD, __CF_USER_TEXT_ENCODING, AMPLITUDE_DEPLOYMENT_KEY_RED_BUCKET_PROD, AMPLITUDE_DEPLOYMENT_KEY_RED_BUCKET_DEV, HOME]
2024-06-06T17:22:34.870-0500 [DEBUG] [org.gradle.launcher.daemon.server.exec.LogToClient] About to start relaying all logs to the client via the connection.
2024-06-06T17:22:34.870-0500 [INFO] [org.gradle.launcher.daemon.server.exec.LogToClient] The client will now receive all logging from the daemon (pid: 19198). The daemon log file: /Users/victoriamarin/.gradle/daemon/7.2/daemon-19198.out.log
2024-06-06T17:22:34.871-0500 [INFO] [org.gradle.launcher.daemon.server.exec.LogAndCheckHealth] Starting 5th build in daemon [uptime: 15 mins 2.979 secs, performance: 100%]
2024-06-06T17:22:34.872-0500 [DEBUG] [org.gradle.launcher.daemon.server.exec.ExecuteBuild] The daemon has started executing the build.
2024-06-06T17:22:34.872-0500 [DEBUG] [org.gradle.launcher.daemon.server.exec.ExecuteBuild] Executing build with daemon context: DefaultDaemonContext[uid=bf65fa1e-52e8-4b56-a871-74da22f3df88,javaHome=/Applications/Unity/Hub/Editor/2022.3.22f1/PlaybackEngines/AndroidPlayer/OpenJDK,daemonRegistryDir=/Users/victoriamarin/.gradle/daemon,pid=19198,idleTimeout=10800000,priority=NORMAL,daemonOpts=--add-opens,java.base/java.util=ALL-UNNAMED,--add-opens,java.base/java.lang=ALL-UNNAMED,--add-opens,java.base/java.lang.invoke=ALL-UNNAMED,--add-opens,java.base/java.util=ALL-UNNAMED,--add-opens,java.prefs/java.util.prefs=ALL-UNNAMED,--add-opens,java.prefs/java.util.prefs=ALL-UNNAMED,--add-opens,java.base/java.nio.charset=ALL-UNNAMED,--add-opens,java.base/java.net=ALL-UNNAMED,--add-opens,java.base/java.util.concurrent.atomic=ALL-UNNAMED,-Xmx4096m,-Dfile.encoding=UTF-8,-Duser.country=MX,-Duser.language=en,-Duser.variant]

BUILD SUCCESSFUL in 3s
100 actionable tasks: 5 executed, 95 up-to-date
2024-06-06T17:22:37.203-0500 [DEBUG] [org.gradle.launcher.daemon.server.exec.ExecuteBuild] The daemon has finished executing the build.
2024-06-06T17:22:37.209-0500 [DEBUG] [org.gradle.launcher.daemon.server.DaemonStateCoordinator] daemon is running. Sleeping until state changes.
2024-06-06T17:22:37.209-0500 [DEBUG] [org.gradle.launcher.daemon.server.DaemonStateCoordinator] Command execution: finished waiting for DaemonCommandExecution[command = Build{id=6b77e300-6739-49d8-ad60-41bc5605b36a, currentDir=/Users/victoriamarin/Downloads/proyecto 5/Library/Bee/Android/Prj/Mono2x/Gradle/launcher}, connection = DefaultDaemonConnection: socket connection from /127.0.0.1:51633 to /127.0.0.1:52337]. Result org.gradle.launcher.daemon.server.DaemonStateCoordinator@6f95e280 with state Busy
2024-06-06T17:22:37.210-0500 [DEBUG] [org.gradle.launcher.daemon.server.DaemonStateCoordinator] Command execution: completed DaemonCommandExecution[command = Build{id=6b77e300-6739-49d8-ad60-41bc5605b36a, currentDir=/Users/victoriamarin/Downloads/proyecto 5/Library/Bee/Android/Prj/Mono2x/Gradle/launcher}, connection = DefaultDaemonConnection: socket connection from /127.0.0.1:51633 to /127.0.0.1:52337]
2024-06-06T17:22:37.210-0500 [DEBUG] [org.gradle.launcher.daemon.server.DaemonStateCoordinator] resetting idle timer
2024-06-06T17:22:37.210-0500 [INFO] [org.gradle.launcher.daemon.server.DaemonRegistryUpdater] Marking the daemon as idle, address: [b05bccea-4b99-43d7-aa15-fac7a48638b2 port:51633, addresses:[localhost/127.0.0.1]]
2024-06-06T17:22:37.210-0500 [DEBUG] [org.gradle.launcher.daemon.registry.PersistentDaemonRegistry] Marking busy by address: [b05bccea-4b99-43d7-aa15-fac7a48638b2 port:51633, addresses:[localhost/127.0.0.1]]
2024-06-06T17:22:37.211-0500 [DEBUG] [org.gradle.cache.internal.DefaultFileLockManager] Waiting to acquire exclusive lock on daemon addresses registry.
2024-06-06T17:22:37.212-0500 [DEBUG] [org.gradle.cache.internal.DefaultFileLockManager] Lock acquired on daemon addresses registry.
2024-06-06T17:22:37.215-0500 [DEBUG] [org.gradle.cache.internal.DefaultFileLockManager] Releasing lock on daemon addresses registry.
2024-06-06T17:22:37.215-0500 [DEBUG] [org.gradle.launcher.daemon.server.DaemonStateCoordinator] daemon is running. Sleeping until state changes.
2024-06-06T17:22:37.215-0500 [DEBUG] [org.gradle.launcher.daemon.server.exec.ReturnResult] Daemon is dispatching the build result: Success[value=org.gradle.launcher.exec.BuildActionResult@76c05f43]
2024-06-06T17:22:37.215-0500 [DEBUG] [org.gradle.launcher.daemon.server.SynchronizedDispatchConnection] thread 456: dispatching Success[value=org.gradle.launcher.exec.BuildActionResult@76c05f43]
2024-06-06T17:22:37.216-0500 [DEBUG] [org.gradle.launcher.daemon.server.DefaultIncomingConnectionHandler] Finishing executing command: Build{id=6b77e300-6739-49d8-ad60-41bc5605b36a, currentDir=/Users/victoriamarin/Downloads/proyecto 5/Library/Bee/Android/Prj/Mono2x/Gradle/launcher}
2024-06-06T17:22:37.218-0500 [DEBUG] [org.gradle.launcher.daemon.server.SynchronizedDispatchConnection] thread 561: received class org.gradle.launcher.daemon.protocol.CloseInput
2024-06-06T17:22:37.218-0500 [DEBUG] [org.gradle.launcher.daemon.server.DefaultDaemonConnection] thread 561: Received IO message from client: org.gradle.launcher.daemon.protocol.CloseInput@25a5b131
2024-06-06T17:22:37.219-0500 [DEBUG] [org.gradle.launcher.daemon.server.SynchronizedDispatchConnection] thread 561: received class org.gradle.launcher.daemon.protocol.Finished
2024-06-06T17:22:37.219-0500 [DEBUG] [org.gradle.launcher.daemon.server.DefaultDaemonConnection] thread 561: Received non-IO message from client: org.gradle.launcher.daemon.protocol.Finished@2b625bf5
2024-06-06T17:22:37.219-0500 [DEBUG] [org.gradle.launcher.daemon.server.DefaultIncomingConnectionHandler] Received finished message: org.gradle.launcher.daemon.protocol.Finished@2b625bf5
2024-06-06T17:22:37.219-0500 [DEBUG] [org.gradle.launcher.daemon.server.SynchronizedDispatchConnection] thread 456: stopping connection
2024-06-06T17:22:37.220-0500 [DEBUG] [org.gradle.internal.remote.internal.inet.SocketConnection] Discarding EOFException: java.io.EOFException
2024-06-06T17:22:37.220-0500 [DEBUG] [org.gradle.launcher.daemon.server.SynchronizedDispatchConnection] thread 561: received null
2024-06-06T17:22:37.220-0500 [DEBUG] [org.gradle.launcher.daemon.server.DefaultDaemonConnection] thread 561: Received end-of-input from client.
2024-06-06T17:22:37.220-0500 [DEBUG] [org.gradle.launcher.daemon.server.SynchronizedDispatchConnection] thread 456: stopping connection
2024-06-06T17:22:42.100-0500 [DEBUG] [org.gradle.cache.internal.DefaultFileLockManager] Waiting to acquire shared lock on daemon addresses registry.
2024-06-06T17:22:42.106-0500 [DEBUG] [org.gradle.cache.internal.DefaultFileLockManager] Lock acquired on daemon addresses registry.
2024-06-06T17:22:42.108-0500 [DEBUG] [org.gradle.cache.internal.DefaultFileLockManager] Releasing lock on daemon addresses registry.
2024-06-06T17:22:42.113-0500 [DEBUG] [org.gradle.cache.internal.DefaultFileLockManager] Waiting to acquire shared lock on daemon addresses registry.
2024-06-06T17:22:42.114-0500 [DEBUG] [org.gradle.cache.internal.DefaultFileLockManager] Lock acquired on daemon addresses registry.
2024-06-06T17:22:42.114-0500 [DEBUG] [org.gradle.cache.internal.DefaultFileLockManager] Releasing lock on daemon addresses registry.
2024-06-06T17:22:52.100-0500 [DEBUG] [org.gradle.cache.internal.DefaultFileLockManager] Waiting to acquire shared lock on daemon addresses registry.
2024-06-06T17:22:52.101-0500 [DEBUG] [org.gradle.cache.internal.DefaultFileLockManager] Lock acquired on daemon addresses registry.
2024-06-06T17:22:52.102-0500 [DEBUG] [org.gradle.cache.internal.DefaultFileLockManager] Releasing lock on daemon addresses registry.
2024-06-06T17:22:52.105-0500 [DEBUG] [org.gradle.cache.internal.DefaultFileLockManager] Waiting to acquire shared lock on daemon addresses registry.
2024-06-06T17:22:52.106-0500 [DEBUG] [org.gradle.cache.internal.DefaultFileLockManager] Lock acquired on daemon addresses registry.
2024-06-06T17:22:52.106-0500 [DEBUG] [org.gradle.cache.internal.DefaultFileLockManager] Releasing lock on daemon addresses registry.
2024-06-06T17:22:52.107-0500 [DEBUG] [org.gradle.cache.internal.DefaultFileLockManager] Waiting to acquire shared lock on daemon addresses registry.
2024-06-06T17:22:52.107-0500 [DEBUG] [org.gradle.cache.internal.DefaultFileLockManager] Lock acquired on daemon addresses registry.
2024-06-06T17:22:52.107-0500 [DEBUG] [org.gradle.cache.internal.DefaultFileLockManager] Releasing lock on daemon addresses registry.
2024-06-06T17:23:02.092-0500 [DEBUG] [org.gradle.cache.internal.DefaultFileLockManager] Waiting to acquire shared lock on daemon addresses registry.
2024-06-06T17:23:02.092-0500 [DEBUG] [org.gradle.cache.internal.DefaultFileLockManager] Lock acquired on daemon addresses registry.
2024-06-06T17:23:02.093-0500 [DEBUG] [org.gradle.cache.internal.DefaultFileLockManager] Releasing lock on daemon addresses registry.
2024-06-06T17:23:02.094-0500 [DEBUG] [org.gradle.cache.internal.DefaultFileLockManager] Waiting to acquire shared lock on daemon addresses registry.
2024-06-06T17:23:02.094-0500 [DEBUG] [org.gradle.cache.internal.DefaultFileLockManager] Lock acquired on daemon addresses registry.
2024-06-06T17:23:02.094-0500 [DEBUG] [org.gradle.cache.internal.DefaultFileLockManager] Releasing lock on daemon addresses registry.
2024-06-06T17:23:02.094-0500 [DEBUG] [org.gradle.cache.internal.DefaultFileLockManager] Waiting to acquire shared lock on daemon addresses registry.
2024-06-06T17:23:02.094-0500 [DEBUG] [org.gradle.cache.internal.DefaultFileLockManager] Lock acquired on daemon addresses registry.
2024-06-06T17:23:02.095-0500 [DEBUG] [org.gradle.cache.internal.DefaultFileLockManager] Releasing lock on daemon addresses registry.
2024-06-06T17:23:12.098-0500 [DEBUG] [org.gradle.cache.internal.DefaultFileLockManager] Waiting to acquire shared lock on daemon addresses registry.
2024-06-06T17:23:12.099-0500 [DEBUG] [org.gradle.cache.internal.DefaultFileLockManager] Lock acquired on daemon addresses registry.
2024-06-06T17:23:12.099-0500 [DEBUG] [org.gradle.cache.internal.DefaultFileLockManager] Releasing lock on daemon addresses registry.
2024-06-06T17:23:12.100-0500 [DEBUG] [org.gradle.cache.internal.DefaultFileLockManager] Waiting to acquire shared lock on daemon addresses registry.
2024-06-06T17:23:12.100-0500 [DEBUG] [org.gradle.cache.internal.DefaultFileLockManager] Lock acquired on daemon addresses registry.
2024-06-06T17:23:12.100-0500 [DEBUG] [org.gradle.cache.internal.DefaultFileLockManager] Releasing lock on daemon addresses registry.
2024-06-06T17:23:12.100-0500 [DEBUG] [org.gradle.cache.internal.DefaultFileLockManager] Waiting to acquire shared lock on daemon addresses registry.
2024-06-06T17:23:12.100-0500 [DEBUG] [org.gradle.cache.internal.DefaultFileLockManager] Lock acquired on daemon addresses registry.
2024-06-06T17:23:12.101-0500 [DEBUG] [org.gradle.cache.internal.DefaultFileLockManager] Releasing lock on daemon addresses registry.
2024-06-06T17:23:22.093-0500 [DEBUG] [org.gradle.cache.internal.DefaultFileLockManager] Waiting to acquire shared lock on daemon addresses registry.
2024-06-06T17:23:22.094-0500 [DEBUG] [org.gradle.cache.internal.DefaultFileLockManager] Lock acquired on daemon addresses registry.
2024-06-06T17:23:22.094-0500 [DEBUG] [org.gradle.cache.internal.DefaultFileLockManager] Releasing lock on daemon addresses registry.
2024-06-06T17:23:22.094-0500 [DEBUG] [org.gradle.cache.internal.DefaultFileLockManager] Waiting to acquire shared lock on daemon addresses registry.
2024-06-06T17:23:22.095-0500 [DEBUG] [org.gradle.cache.internal.DefaultFileLockManager] Lock acquired on daemon addresses registry.
2024-06-06T17:23:22.095-0500 [DEBUG] [org.gradle.cache.internal.DefaultFileLockManager] Releasing lock on daemon addresses registry.
2024-06-06T17:23:22.095-0500 [DEBUG] [org.gradle.cache.internal.DefaultFileLockManager] Waiting to acquire shared lock on daemon addresses registry.
2024-06-06T17:23:22.095-0500 [DEBUG] [org.gradle.cache.internal.DefaultFileLockManager] Lock acquired on daemon addresses registry.
2024-06-06T17:23:22.095-0500 [DEBUG] [org.gradle.cache.internal.DefaultFileLockManager] Releasing lock on daemon addresses registry.
2024-06-06T17:23:32.093-0500 [DEBUG] [org.gradle.cache.internal.DefaultFileLockManager] Waiting to acquire shared lock on daemon addresses registry.
2024-06-06T17:23:32.094-0500 [DEBUG] [org.gradle.cache.internal.DefaultFileLockManager] Lock acquired on daemon addresses registry.
2024-06-06T17:23:32.094-0500 [DEBUG] [org.gradle.cache.internal.DefaultFileLockManager] Releasing lock on daemon addresses registry.
2024-06-06T17:23:32.095-0500 [DEBUG] [org.gradle.cache.internal.DefaultFileLockManager] Waiting to acquire shared lock on daemon addresses registry.
2024-06-06T17:23:32.095-0500 [DEBUG] [org.gradle.cache.internal.DefaultFileLockManager] Lock acquired on daemon addresses registry.
2024-06-06T17:23:32.095-0500 [DEBUG] [org.gradle.cache.internal.DefaultFileLockManager] Releasing lock on daemon addresses registry.
2024-06-06T17:23:32.096-0500 [DEBUG] [org.gradle.cache.internal.DefaultFileLockManager] Waiting to acquire shared lock on daemon addresses registry.
2024-06-06T17:23:32.096-0500 [DEBUG] [org.gradle.cache.internal.DefaultFileLockManager] Lock acquired on daemon addresses registry.
2024-06-06T17:23:32.096-0500 [DEBUG] [org.gradle.cache.internal.DefaultFileLockManager] Releasing lock on daemon addresses registry.
2024-06-06T17:23:42.095-0500 [DEBUG] [org.gradle.cache.internal.DefaultFileLockManager] Waiting to acquire shared lock on daemon addresses registry.
2024-06-06T17:23:42.095-0500 [DEBUG] [org.gradle.cache.internal.DefaultFileLockManager] Lock acquired on daemon addresses registry.
2024-06-06T17:23:42.095-0500 [DEBUG] [org.gradle.cache.internal.DefaultFileLockManager] Releasing lock on daemon addresses registry.
2024-06-06T17:23:42.096-0500 [DEBUG] [org.gradle.cache.internal.DefaultFileLockManager] Waiting to acquire shared lock on daemon addresses registry.
2024-06-06T17:23:42.096-0500 [DEBUG] [org.gradle.cache.internal.DefaultFileLockManager] Lock acquired on daemon addresses registry.
2024-06-06T17:23:42.096-0500 [DEBUG] [org.gradle.cache.internal.DefaultFileLockManager] Releasing lock on daemon addresses registry.
2024-06-06T17:23:42.096-0500 [DEBUG] [org.gradle.cache.internal.DefaultFileLockManager] Waiting to acquire shared lock on daemon addresses registry.
2024-06-06T17:23:42.096-0500 [DEBUG] [org.gradle.cache.internal.DefaultFileLockManager] Lock acquired on daemon addresses registry.
2024-06-06T17:23:42.097-0500 [DEBUG] [org.gradle.cache.internal.DefaultFileLockManager] Releasing lock on daemon addresses registry.
2024-06-06T17:23:52.096-0500 [DEBUG] [org.gradle.cache.internal.DefaultFileLockManager] Waiting to acquire shared lock on daemon addresses registry.
2024-06-06T17:23:52.097-0500 [DEBUG] [org.gradle.cache.internal.DefaultFileLockManager] Lock acquired on daemon addresses registry.
2024-06-06T17:23:52.097-0500 [DEBUG] [org.gradle.cache.internal.DefaultFileLockManager] Releasing lock on daemon addresses registry.
2024-06-06T17:23:52.098-0500 [DEBUG] [org.gradle.cache.internal.DefaultFileLockManager] Waiting to acquire shared lock on daemon addresses registry.
2024-06-06T17:23:52.098-0500 [DEBUG] [org.gradle.cache.internal.DefaultFileLockManager] Lock acquired on daemon addresses registry.
2024-06-06T17:23:52.098-0500 [DEBUG] [org.gradle.cache.internal.DefaultFileLockManager] Releasing lock on daemon addresses registry.
2024-06-06T17:23:52.098-0500 [DEBUG] [org.gradle.cache.internal.DefaultFileLockManager] Waiting to acquire shared lock on daemon addresses registry.
2024-06-06T17:23:52.099-0500 [DEBUG] [org.gradle.cache.internal.DefaultFileLockManager] Lock acquired on daemon addresses registry.
2024-06-06T17:23:52.099-0500 [DEBUG] [org.gradle.cache.internal.DefaultFileLockManager] Releasing lock on daemon addresses registry.
2024-06-06T17:24:02.091-0500 [DEBUG] [org.gradle.cache.internal.DefaultFileLockManager] Waiting to acquire shared lock on daemon addresses registry.
2024-06-06T17:24:02.092-0500 [DEBUG] [org.gradle.cache.internal.DefaultFileLockManager] Lock acquired on daemon addresses registry.
2024-06-06T17:24:02.092-0500 [DEBUG] [org.gradle.cache.internal.DefaultFileLockManager] Releasing lock on daemon addresses registry.
2024-06-06T17:24:02.092-0500 [DEBUG] [org.gradle.cache.internal.DefaultFileLockManager] Waiting to acquire shared lock on daemon addresses registry.
2024-06-06T17:24:02.092-0500 [DEBUG] [org.gradle.cache.internal.DefaultFileLockManager] Lock acquired on daemon addresses registry.
2024-06-06T17:24:02.093-0500 [DEBUG] [org.gradle.cache.internal.DefaultFileLockManager] Releasing lock on daemon addresses registry.
2024-06-06T17:24:02.093-0500 [DEBUG] [org.gradle.cache.internal.DefaultFileLockManager] Waiting to acquire shared lock on daemon addresses registry.
2024-06-06T17:24:02.093-0500 [DEBUG] [org.gradle.cache.internal.DefaultFileLockManager] Lock acquired on daemon addresses registry.
2024-06-06T17:24:02.093-0500 [DEBUG] [org.gradle.cache.internal.DefaultFileLockManager] Releasing lock on daemon addresses registry.
2024-06-06T17:24:12.097-0500 [DEBUG] [org.gradle.cache.internal.DefaultFileLockManager] Waiting to acquire shared lock on daemon addresses registry.
2024-06-06T17:24:12.097-0500 [DEBUG] [org.gradle.cache.internal.DefaultFileLockManager] Lock acquired on daemon addresses registry.
2024-06-06T17:24:12.097-0500 [DEBUG] [org.gradle.cache.internal.DefaultFileLockManager] Releasing lock on daemon addresses registry.
2024-06-06T17:24:12.097-0500 [DEBUG] [org.gradle.cache.internal.DefaultFileLockManager] Waiting to acquire shared lock on daemon addresses registry.
2024-06-06T17:24:12.098-0500 [DEBUG] [org.gradle.cache.internal.DefaultFileLockManager] Lock acquired on daemon addresses registry.
2024-06-06T17:24:12.098-0500 [DEBUG] [org.gradle.cache.internal.DefaultFileLockManager] Releasing lock on daemon addresses registry.
2024-06-06T17:24:12.098-0500 [DEBUG] [org.gradle.cache.internal.DefaultFileLockManager] Waiting to acquire shared lock on daemon addresses registry.
2024-06-06T17:24:12.098-0500 [DEBUG] [org.gradle.cache.internal.DefaultFileLockManager] Lock acquired on daemon addresses registry.
2024-06-06T17:24:12.098-0500 [DEBUG] [org.gradle.cache.internal.DefaultFileLockManager] Releasing lock on daemon addresses registry.
2024-06-06T17:24:22.093-0500 [DEBUG] [org.gradle.cache.internal.DefaultFileLockManager] Waiting to acquire shared lock on daemon addresses registry.
2024-06-06T17:24:22.099-0500 [DEBUG] [org.gradle.cache.internal.DefaultFileLockManager] Lock acquired on daemon addresses registry.
2024-06-06T17:24:22.100-0500 [DEBUG] [org.gradle.cache.internal.DefaultFileLockManager] Releasing lock on daemon addresses registry.
2024-06-06T17:24:22.100-0500 [DEBUG] [org.gradle.cache.internal.DefaultFileLockManager] Waiting to acquire shared lock on daemon addresses registry.
2024-06-06T17:24:22.101-0500 [DEBUG] [org.gradle.cache.internal.DefaultFileLockManager] Lock acquired on daemon addresses registry.
2024-06-06T17:24:22.101-0500 [DEBUG] [org.gradle.cache.internal.DefaultFileLockManager] Releasing lock on daemon addresses registry.
2024-06-06T17:24:22.101-0500 [DEBUG] [org.gradle.cache.internal.DefaultFileLockManager] Waiting to acquire shared lock on daemon addresses registry.
2024-06-06T17:24:22.102-0500 [DEBUG] [org.gradle.cache.internal.DefaultFileLockManager] Lock acquired on daemon addresses registry.
2024-06-06T17:24:22.102-0500 [DEBUG] [org.gradle.cache.internal.DefaultFileLockManager] Releasing lock on daemon addresses registry.
2024-06-06T17:24:32.096-0500 [DEBUG] [org.gradle.cache.internal.DefaultFileLockManager] Waiting to acquire shared lock on daemon addresses registry.
2024-06-06T17:24:32.097-0500 [DEBUG] [org.gradle.cache.internal.DefaultFileLockManager] Lock acquired on daemon addresses registry.
2024-06-06T17:24:32.097-0500 [DEBUG] [org.gradle.cache.internal.DefaultFileLockManager] Releasing lock on daemon addresses registry.
2024-06-06T17:24:32.098-0500 [DEBUG] [org.gradle.cache.internal.DefaultFileLockManager] Waiting to acquire shared lock on daemon addresses registry.
2024-06-06T17:24:32.098-0500 [DEBUG] [org.gradle.cache.internal.DefaultFileLockManager] Lock acquired on daemon addresses registry.
2024-06-06T17:24:32.098-0500 [DEBUG] [org.gradle.cache.internal.DefaultFileLockManager] Releasing lock on daemon addresses registry.
2024-06-06T17:24:32.098-0500 [DEBUG] [org.gradle.cache.internal.DefaultFileLockManager] Waiting to acquire shared lock on daemon addresses registry.
2024-06-06T17:24:32.098-0500 [DEBUG] [org.gradle.cache.internal.DefaultFileLockManager] Lock acquired on daemon addresses registry.
2024-06-06T17:24:32.098-0500 [DEBUG] [org.gradle.cache.internal.DefaultFileLockManager] Releasing lock on daemon addresses registry.
2024-06-06T17:24:42.094-0500 [DEBUG] [org.gradle.cache.internal.DefaultFileLockManager] Waiting to acquire shared lock on daemon addresses registry.
2024-06-06T17:24:42.094-0500 [DEBUG] [org.gradle.cache.internal.DefaultFileLockManager] Lock acquired on daemon addresses registry.
2024-06-06T17:24:42.095-0500 [DEBUG] [org.gradle.cache.internal.DefaultFileLockManager] Releasing lock on daemon addresses registry.
2024-06-06T17:24:42.095-0500 [DEBUG] [org.gradle.cache.internal.DefaultFileLockManager] Waiting to acquire shared lock on daemon addresses registry.
2024-06-06T17:24:42.095-0500 [DEBUG] [org.gradle.cache.internal.DefaultFileLockManager] Lock acquired on daemon addresses registry.
2024-06-06T17:24:42.095-0500 [DEBUG] [org.gradle.cache.internal.DefaultFileLockManager] Releasing lock on daemon addresses registry.
2024-06-06T17:24:42.096-0500 [DEBUG] [org.gradle.cache.internal.DefaultFileLockManager] Waiting to acquire shared lock on daemon addresses registry.
2024-06-06T17:24:42.096-0500 [DEBUG] [org.gradle.cache.internal.DefaultFileLockManager] Lock acquired on daemon addresses registry.
2024-06-06T17:24:42.096-0500 [DEBUG] [org.gradle.cache.internal.DefaultFileLockManager] Releasing lock on daemon addresses registry.
2024-06-06T17:24:52.097-0500 [DEBUG] [org.gradle.cache.internal.DefaultFileLockManager] Waiting to acquire shared lock on daemon addresses registry.
2024-06-06T17:24:52.100-0500 [DEBUG] [org.gradle.cache.internal.DefaultFileLockManager] Lock acquired on daemon addresses registry.
2024-06-06T17:24:52.102-0500 [DEBUG] [org.gradle.cache.internal.DefaultFileLockManager] Releasing lock on daemon addresses registry.
2024-06-06T17:24:52.103-0500 [DEBUG] [org.gradle.cache.internal.DefaultFileLockManager] Waiting to acquire shared lock on daemon addresses registry.
2024-06-06T17:24:52.103-0500 [DEBUG] [org.gradle.cache.internal.DefaultFileLockManager] Lock acquired on daemon addresses registry.
2024-06-06T17:24:52.103-0500 [DEBUG] [org.gradle.cache.internal.DefaultFileLockManager] Releasing lock on daemon addresses registry.
2024-06-06T17:24:52.104-0500 [DEBUG] [org.gradle.cache.internal.DefaultFileLockManager] Waiting to acquire shared lock on daemon addresses registry.
2024-06-06T17:24:52.104-0500 [DEBUG] [org.gradle.cache.internal.DefaultFileLockManager] Lock acquired on daemon addresses registry.
2024-06-06T17:24:52.104-0500 [DEBUG] [org.gradle.cache.internal.DefaultFileLockManager] Releasing lock on daemon addresses registry.
2024-06-06T17:25:02.094-0500 [DEBUG] [org.gradle.cache.internal.DefaultFileLockManager] Waiting to acquire shared lock on daemon addresses registry.
2024-06-06T17:25:02.094-0500 [DEBUG] [org.gradle.cache.internal.DefaultFileLockManager] Lock acquired on daemon addresses registry.
2024-06-06T17:25:02.095-0500 [DEBUG] [org.gradle.cache.internal.DefaultFileLockManager] Releasing lock on daemon addresses registry.
2024-06-06T17:25:02.095-0500 [DEBUG] [org.gradle.cache.internal.DefaultFileLockManager] Waiting to acquire shared lock on daemon addresses registry.
2024-06-06T17:25:02.095-0500 [DEBUG] [org.gradle.cache.internal.DefaultFileLockManager] Lock acquired on daemon addresses registry.
2024-06-06T17:25:02.096-0500 [DEBUG] [org.gradle.cache.internal.DefaultFileLockManager] Releasing lock on daemon addresses registry.
2024-06-06T17:25:02.096-0500 [DEBUG] [org.gradle.cache.internal.DefaultFileLockManager] Waiting to acquire shared lock on daemon addresses registry.
2024-06-06T17:25:02.096-0500 [DEBUG] [org.gradle.cache.internal.DefaultFileLockManager] Lock acquired on daemon addresses registry.
2024-06-06T17:25:02.096-0500 [DEBUG] [org.gradle.cache.internal.DefaultFileLockManager] Releasing lock on daemon addresses registry.
2024-06-06T17:25:12.097-0500 [DEBUG] [org.gradle.cache.internal.DefaultFileLockManager] Waiting to acquire shared lock on daemon addresses registry.
2024-06-06T17:25:12.098-0500 [DEBUG] [org.gradle.cache.internal.DefaultFileLockManager] Lock acquired on daemon addresses registry.
2024-06-06T17:25:12.098-0500 [DEBUG] [org.gradle.cache.internal.DefaultFileLockManager] Releasing lock on daemon addresses registry.
2024-06-06T17:25:12.099-0500 [DEBUG] [org.gradle.cache.internal.DefaultFileLockManager] Waiting to acquire shared lock on daemon addresses registry.
2024-06-06T17:25:12.099-0500 [DEBUG] [org.gradle.cache.internal.DefaultFileLockManager] Lock acquired on daemon addresses registry.
2024-06-06T17:25:12.099-0500 [DEBUG] [org.gradle.cache.internal.DefaultFileLockManager] Releasing lock on daemon addresses registry.
2024-06-06T17:25:12.100-0500 [DEBUG] [org.gradle.cache.internal.DefaultFileLockManager] Waiting to acquire shared lock on daemon addresses registry.
2024-06-06T17:25:12.101-0500 [DEBUG] [org.gradle.cache.internal.DefaultFileLockManager] Lock acquired on daemon addresses registry.
2024-06-06T17:25:12.101-0500 [DEBUG] [org.gradle.cache.internal.DefaultFileLockManager] Releasing lock on daemon addresses registry.
2024-06-06T17:25:22.096-0500 [DEBUG] [org.gradle.cache.internal.DefaultFileLockManager] Waiting to acquire shared lock on daemon addresses registry.
2024-06-06T17:25:22.096-0500 [DEBUG] [org.gradle.cache.internal.DefaultFileLockManager] Lock acquired on daemon addresses registry.
2024-06-06T17:25:22.097-0500 [DEBUG] [org.gradle.cache.internal.DefaultFileLockManager] Releasing lock on daemon addresses registry.
2024-06-06T17:25:22.097-0500 [DEBUG] [org.gradle.cache.internal.DefaultFileLockManager] Waiting to acquire shared lock on daemon addresses registry.
2024-06-06T17:25:22.098-0500 [DEBUG] [org.gradle.cache.internal.DefaultFileLockManager] Lock acquired on daemon addresses registry.
2024-06-06T17:25:22.098-0500 [DEBUG] [org.gradle.cache.internal.DefaultFileLockManager] Releasing lock on daemon addresses registry.
2024-06-06T17:25:22.098-0500 [DEBUG] [org.gradle.cache.internal.DefaultFileLockManager] Waiting to acquire shared lock on daemon addresses registry.
2024-06-06T17:25:22.098-0500 [DEBUG] [org.gradle.cache.internal.DefaultFileLockManager] Lock acquired on daemon addresses registry.
2024-06-06T17:25:22.098-0500 [DEBUG] [org.gradle.cache.internal.DefaultFileLockManager] Releasing lock on daemon addresses registry.
2024-06-06T17:25:32.097-0500 [DEBUG] [org.gradle.cache.internal.DefaultFileLockManager] Waiting to acquire shared lock on daemon addresses registry.
2024-06-06T17:25:32.098-0500 [DEBUG] [org.gradle.cache.internal.DefaultFileLockManager] Lock acquired on daemon addresses registry.
2024-06-06T17:25:32.098-0500 [DEBUG] [org.gradle.cache.internal.DefaultFileLockManager] Releasing lock on daemon addresses registry.
2024-06-06T17:25:32.099-0500 [DEBUG] [org.gradle.cache.internal.DefaultFileLockManager] Waiting to acquire shared lock on daemon addresses registry.
2024-06-06T17:25:32.099-0500 [DEBUG] [org.gradle.cache.internal.DefaultFileLockManager] Lock acquired on daemon addresses registry.
2024-06-06T17:25:32.099-0500 [DEBUG] [org.gradle.cache.internal.DefaultFileLockManager] Releasing lock on daemon addresses registry.
2024-06-06T17:25:32.099-0500 [DEBUG] [org.gradle.cache.internal.DefaultFileLockManager] Waiting to acquire shared lock on daemon addresses registry.
2024-06-06T17:25:32.100-0500 [DEBUG] [org.gradle.cache.internal.DefaultFileLockManager] Lock acquired on daemon addresses registry.
2024-06-06T17:25:32.100-0500 [DEBUG] [org.gradle.cache.internal.DefaultFileLockManager] Releasing lock on daemon addresses registry.
2024-06-06T17:25:42.096-0500 [DEBUG] [org.gradle.cache.internal.DefaultFileLockManager] Waiting to acquire shared lock on daemon addresses registry.
2024-06-06T17:25:42.096-0500 [DEBUG] [org.gradle.cache.internal.DefaultFileLockManager] Lock acquired on daemon addresses registry.
2024-06-06T17:25:42.097-0500 [DEBUG] [org.gradle.cache.internal.DefaultFileLockManager] Releasing lock on daemon addresses registry.
2024-06-06T17:25:42.097-0500 [DEBUG] [org.gradle.cache.internal.DefaultFileLockManager] Waiting to acquire shared lock on daemon addresses registry.
2024-06-06T17:25:42.097-0500 [DEBUG] [org.gradle.cache.internal.DefaultFileLockManager] Lock acquired on daemon addresses registry.
2024-06-06T17:25:42.097-0500 [DEBUG] [org.gradle.cache.internal.DefaultFileLockManager] Releasing lock on daemon addresses registry.
2024-06-06T17:25:42.097-0500 [DEBUG] [org.gradle.cache.internal.DefaultFileLockManager] Waiting to acquire shared lock on daemon addresses registry.
2024-06-06T17:25:42.097-0500 [DEBUG] [org.gradle.cache.internal.DefaultFileLockManager] Lock acquired on daemon addresses registry.
2024-06-06T17:25:42.097-0500 [DEBUG] [org.gradle.cache.internal.DefaultFileLockManager] Releasing lock on daemon addresses registry.
2024-06-06T17:25:50.095-0500 [DEBUG] [org.gradle.internal.watch.vfs.impl.WatchingVirtualFileSystem] Handling VFS change MODIFIED /Users/victoriamarin/Downloads/proyecto 5/Library/Bee/Android/Prj/Mono2x/Gradle/unityLibrary/xrmanifest.androidlib/AndroidManifest.xml
2024-06-06T17:25:50.098-0500 [DEBUG] [org.gradle.internal.watch.vfs.impl.WatchingVirtualFileSystem] Handling VFS change MODIFIED /Users/victoriamarin/Downloads/proyecto 5/Library/Bee/Android/Prj/Mono2x/Gradle/unityLibrary/proguard-unity.txt
2024-06-06T17:25:50.098-0500 [DEBUG] [org.gradle.internal.watch.vfs.impl.WatchingVirtualFileSystem] Handling VFS change MODIFIED /Users/victoriamarin/Downloads/proyecto 5/Library/Bee/Android/Prj/Mono2x/Gradle/unityLibrary/src/main/AndroidManifest.xml
2024-06-06T17:25:50.941-0500 [DEBUG] [org.gradle.internal.remote.internal.inet.TcpIncomingConnector] Accepted connection from /127.0.0.1:52433 to /127.0.0.1:51633.
2024-06-06T17:25:50.964-0500 [DEBUG] [org.gradle.launcher.daemon.server.SynchronizedDispatchConnection] thread 663: received class org.gradle.launcher.daemon.protocol.Build
2024-06-06T17:25:50.964-0500 [DEBUG] [org.gradle.launcher.daemon.server.DefaultDaemonConnection] thread 663: Received non-IO message from client: Build{id=b420568b-e431-4a2d-946a-ede67edb23ab, currentDir=/Users/victoriamarin/Downloads/proyecto 5/Library/Bee/Android/Prj/Mono2x/Gradle/launcher}
2024-06-06T17:25:50.964-0500 [INFO] [org.gradle.launcher.daemon.server.DefaultIncomingConnectionHandler] Received command: Build{id=b420568b-e431-4a2d-946a-ede67edb23ab, currentDir=/Users/victoriamarin/Downloads/proyecto 5/Library/Bee/Android/Prj/Mono2x/Gradle/launcher}.
2024-06-06T17:25:50.964-0500 [DEBUG] [org.gradle.launcher.daemon.server.DefaultIncomingConnectionHandler] Starting executing command: Build{id=b420568b-e431-4a2d-946a-ede67edb23ab, currentDir=/Users/victoriamarin/Downloads/proyecto 5/Library/Bee/Android/Prj/Mono2x/Gradle/launcher} with connection: socket connection from /127.0.0.1:51633 to /127.0.0.1:52433.
2024-06-06T17:25:50.966-0500 [DEBUG] [org.gradle.launcher.daemon.server.DaemonStateCoordinator] Command execution: started DaemonCommandExecution[command = Build{id=b420568b-e431-4a2d-946a-ede67edb23ab, currentDir=/Users/victoriamarin/Downloads/proyecto 5/Library/Bee/Android/Prj/Mono2x/Gradle/launcher}, connection = DefaultDaemonConnection: socket connection from /127.0.0.1:51633 to /127.0.0.1:52433] after 3.0 minutes of idle
2024-06-06T17:25:50.967-0500 [INFO] [org.gradle.launcher.daemon.server.DaemonRegistryUpdater] Marking the daemon as busy, address: [b05bccea-4b99-43d7-aa15-fac7a48638b2 port:51633, addresses:[localhost/127.0.0.1]]
2024-06-06T17:25:50.967-0500 [DEBUG] [org.gradle.launcher.daemon.registry.PersistentDaemonRegistry] Marking busy by address: [b05bccea-4b99-43d7-aa15-fac7a48638b2 port:51633, addresses:[localhost/127.0.0.1]]
2024-06-06T17:25:50.967-0500 [DEBUG] [org.gradle.cache.internal.DefaultFileLockManager] Waiting to acquire exclusive lock on daemon addresses registry.
2024-06-06T17:25:50.968-0500 [DEBUG] [org.gradle.cache.internal.DefaultFileLockManager] Lock acquired on daemon addresses registry.
2024-06-06T17:25:50.970-0500 [DEBUG] [org.gradle.cache.internal.DefaultFileLockManager] Releasing lock on daemon addresses registry.
2024-06-06T17:25:50.970-0500 [DEBUG] [org.gradle.launcher.daemon.server.DaemonStateCoordinator] resetting idle timer
2024-06-06T17:25:50.970-0500 [DEBUG] [org.gradle.launcher.daemon.server.DaemonStateCoordinator] daemon is running. Sleeping until state changes.
2024-06-06T17:25:50.971-0500 [INFO] [org.gradle.launcher.daemon.server.exec.StartBuildOrRespondWithBusy] Daemon is about to start building Build{id=b420568b-e431-4a2d-946a-ede67edb23ab, currentDir=/Users/victoriamarin/Downloads/proyecto 5/Library/Bee/Android/Prj/Mono2x/Gradle/launcher}. Dispatching build started information...
2024-06-06T17:25:50.972-0500 [DEBUG] [org.gradle.launcher.daemon.server.SynchronizedDispatchConnection] thread 665: dispatching org.gradle.launcher.daemon.protocol.BuildStarted@5309a409
2024-06-06T17:25:50.982-0500 [DEBUG] [org.gradle.launcher.daemon.server.exec.EstablishBuildEnvironment] Configuring env variables: [PATH, AMPLITUDE_TOKEN_YELLOWBUCKET_DEV, AMPLITUDE_TOKEN_YELLOWBUCKET_PROD, MallocNanoZone, SENTRY_ACCESS_TOKEN, JAVA_HOME, AMPLITUDE_API_KEY_YELLOWBUCKET_DEV, AMPLITUDE_TOKEN_GREENBUCKET_DEV, AMPLITUDE_TOKEN_REDBUCKET_PROD, WOOTRIC_CLIENT_TOKEN, COMMAND_MODE, AMPLITUDE_API_KEY_YELLOWBUCKET_PROD, JAVA_TOOL_OPTIONS, AMPLITUDE_API_KEY_GREENBUCKET_PROD, AMPLITUDE_TOKEN_GREENBUCKET_PROD, AMPLITUDE_API_KEY_REDBUCKET_DEV, LOGNAME, JAVA_MAIN_CLASS_19799, XPC_SERVICE_NAME, AMPLITUDE_API_KEY_GREENBUCKET_DEV, __CFBundleIdentifier, SHELL, AMPLITUDE_TOKEN_REDBUCKET_DEV, ANDROID_NDK_ROOT, DEBUG_ENV_VAR, USER, TMPDIR, ORIGINAL_XDG_CURRENT_DESKTOP, AMPLITUDE_API_KEY, SSH_AUTH_SOCK, AMPLITUDE_API_KEY_STAGING, XPC_FLAGS, AMPLITUDE_API_KEY_REDBUCKET_PROD, __CF_USER_TEXT_ENCODING, AMPLITUDE_DEPLOYMENT_KEY_RED_BUCKET_PROD, AMPLITUDE_DEPLOYMENT_KEY_RED_BUCKET_DEV, HOME]
2024-06-06T17:25:50.987-0500 [DEBUG] [org.gradle.launcher.daemon.server.exec.LogToClient] About to start relaying all logs to the client via the connection.
2024-06-06T17:25:50.987-0500 [INFO] [org.gradle.launcher.daemon.server.exec.LogToClient] The client will now receive all logging from the daemon (pid: 19198). The daemon log file: /Users/victoriamarin/.gradle/daemon/7.2/daemon-19198.out.log
2024-06-06T17:25:50.989-0500 [INFO] [org.gradle.launcher.daemon.server.exec.LogAndCheckHealth] Starting 6th build in daemon [uptime: 18 mins 19.097 secs, performance: 100%]
2024-06-06T17:25:50.990-0500 [DEBUG] [org.gradle.launcher.daemon.server.exec.ExecuteBuild] The daemon has started executing the build.
2024-06-06T17:25:50.991-0500 [DEBUG] [org.gradle.launcher.daemon.server.exec.ExecuteBuild] Executing build with daemon context: DefaultDaemonContext[uid=bf65fa1e-52e8-4b56-a871-74da22f3df88,javaHome=/Applications/Unity/Hub/Editor/2022.3.22f1/PlaybackEngines/AndroidPlayer/OpenJDK,daemonRegistryDir=/Users/victoriamarin/.gradle/daemon,pid=19198,idleTimeout=10800000,priority=NORMAL,daemonOpts=--add-opens,java.base/java.util=ALL-UNNAMED,--add-opens,java.base/java.lang=ALL-UNNAMED,--add-opens,java.base/java.lang.invoke=ALL-UNNAMED,--add-opens,java.base/java.util=ALL-UNNAMED,--add-opens,java.prefs/java.util.prefs=ALL-UNNAMED,--add-opens,java.prefs/java.util.prefs=ALL-UNNAMED,--add-opens,java.base/java.nio.charset=ALL-UNNAMED,--add-opens,java.base/java.net=ALL-UNNAMED,--add-opens,java.base/java.util.concurrent.atomic=ALL-UNNAMED,-Xmx4096m,-Dfile.encoding=UTF-8,-Duser.country=MX,-Duser.language=en,-Duser.variant]

BUILD SUCCESSFUL in 3s
100 actionable tasks: 5 executed, 95 up-to-date
2024-06-06T17:25:53.364-0500 [DEBUG] [org.gradle.launcher.daemon.server.exec.ExecuteBuild] The daemon has finished executing the build.
2024-06-06T17:25:53.378-0500 [DEBUG] [org.gradle.launcher.daemon.server.DaemonStateCoordinator] daemon is running. Sleeping until state changes.
2024-06-06T17:25:53.378-0500 [DEBUG] [org.gradle.launcher.daemon.server.DaemonStateCoordinator] Command execution: finished waiting for DaemonCommandExecution[command = Build{id=b420568b-e431-4a2d-946a-ede67edb23ab, currentDir=/Users/victoriamarin/Downloads/proyecto 5/Library/Bee/Android/Prj/Mono2x/Gradle/launcher}, connection = DefaultDaemonConnection: socket connection from /127.0.0.1:51633 to /127.0.0.1:52433]. Result org.gradle.launcher.daemon.server.DaemonStateCoordinator@6f95e280 with state Busy
2024-06-06T17:25:53.378-0500 [DEBUG] [org.gradle.launcher.daemon.server.DaemonStateCoordinator] Command execution: completed DaemonCommandExecution[command = Build{id=b420568b-e431-4a2d-946a-ede67edb23ab, currentDir=/Users/victoriamarin/Downloads/proyecto 5/Library/Bee/Android/Prj/Mono2x/Gradle/launcher}, connection = DefaultDaemonConnection: socket connection from /127.0.0.1:51633 to /127.0.0.1:52433]
2024-06-06T17:25:53.378-0500 [DEBUG] [org.gradle.launcher.daemon.server.DaemonStateCoordinator] resetting idle timer
2024-06-06T17:25:53.378-0500 [INFO] [org.gradle.launcher.daemon.server.DaemonRegistryUpdater] Marking the daemon as idle, address: [b05bccea-4b99-43d7-aa15-fac7a48638b2 port:51633, addresses:[localhost/127.0.0.1]]
2024-06-06T17:25:53.378-0500 [DEBUG] [org.gradle.launcher.daemon.registry.PersistentDaemonRegistry] Marking busy by address: [b05bccea-4b99-43d7-aa15-fac7a48638b2 port:51633, addresses:[localhost/127.0.0.1]]
2024-06-06T17:25:53.378-0500 [DEBUG] [org.gradle.cache.internal.DefaultFileLockManager] Waiting to acquire exclusive lock on daemon addresses registry.
2024-06-06T17:25:53.379-0500 [DEBUG] [org.gradle.cache.internal.DefaultFileLockManager] Lock acquired on daemon addresses registry.
2024-06-06T17:25:53.380-0500 [DEBUG] [org.gradle.cache.internal.DefaultFileLockManager] Releasing lock on daemon addresses registry.
2024-06-06T17:25:53.380-0500 [DEBUG] [org.gradle.launcher.daemon.server.DaemonStateCoordinator] daemon is running. Sleeping until state changes.
2024-06-06T17:25:53.380-0500 [DEBUG] [org.gradle.launcher.daemon.server.exec.ReturnResult] Daemon is dispatching the build result: Success[value=org.gradle.launcher.exec.BuildActionResult@614d22e5]
2024-06-06T17:25:53.380-0500 [DEBUG] [org.gradle.launcher.daemon.server.SynchronizedDispatchConnection] thread 662: dispatching Success[value=org.gradle.launcher.exec.BuildActionResult@614d22e5]
2024-06-06T17:25:53.380-0500 [DEBUG] [org.gradle.launcher.daemon.server.DefaultIncomingConnectionHandler] Finishing executing command: Build{id=b420568b-e431-4a2d-946a-ede67edb23ab, currentDir=/Users/victoriamarin/Downloads/proyecto 5/Library/Bee/Android/Prj/Mono2x/Gradle/launcher}
2024-06-06T17:25:53.382-0500 [DEBUG] [org.gradle.launcher.daemon.server.SynchronizedDispatchConnection] thread 663: received class org.gradle.launcher.daemon.protocol.CloseInput
2024-06-06T17:25:53.382-0500 [DEBUG] [org.gradle.launcher.daemon.server.DefaultDaemonConnection] thread 663: Received IO message from client: org.gradle.launcher.daemon.protocol.CloseInput@10682fe7
2024-06-06T17:25:53.383-0500 [DEBUG] [org.gradle.launcher.daemon.server.SynchronizedDispatchConnection] thread 663: received class org.gradle.launcher.daemon.protocol.Finished
2024-06-06T17:25:53.383-0500 [DEBUG] [org.gradle.launcher.daemon.server.DefaultDaemonConnection] thread 663: Received non-IO message from client: org.gradle.launcher.daemon.protocol.Finished@1eafc39a
2024-06-06T17:25:53.383-0500 [DEBUG] [org.gradle.launcher.daemon.server.DefaultIncomingConnectionHandler] Received finished message: org.gradle.launcher.daemon.protocol.Finished@1eafc39a
2024-06-06T17:25:53.383-0500 [DEBUG] [org.gradle.launcher.daemon.server.SynchronizedDispatchConnection] thread 662: stopping connection
2024-06-06T17:25:53.383-0500 [DEBUG] [org.gradle.internal.remote.internal.inet.SocketConnection] Discarding EOFException: java.io.EOFException
2024-06-06T17:25:53.383-0500 [DEBUG] [org.gradle.launcher.daemon.server.SynchronizedDispatchConnection] thread 663: received null
2024-06-06T17:25:53.383-0500 [DEBUG] [org.gradle.launcher.daemon.server.DefaultDaemonConnection] thread 663: Received end-of-input from client.
2024-06-06T17:25:53.384-0500 [DEBUG] [org.gradle.launcher.daemon.server.SynchronizedDispatchConnection] thread 662: stopping connection
2024-06-06T17:26:02.096-0500 [DEBUG] [org.gradle.cache.internal.DefaultFileLockManager] Waiting to acquire shared lock on daemon addresses registry.
2024-06-06T17:26:02.099-0500 [DEBUG] [org.gradle.cache.internal.DefaultFileLockManager] Lock acquired on daemon addresses registry.
2024-06-06T17:26:02.100-0500 [DEBUG] [org.gradle.cache.internal.DefaultFileLockManager] Releasing lock on daemon addresses registry.
2024-06-06T17:26:02.102-0500 [DEBUG] [org.gradle.cache.internal.DefaultFileLockManager] Waiting to acquire shared lock on daemon addresses registry.
2024-06-06T17:26:02.102-0500 [DEBUG] [org.gradle.cache.internal.DefaultFileLockManager] Lock acquired on daemon addresses registry.
2024-06-06T17:26:02.102-0500 [DEBUG] [org.gradle.cache.internal.DefaultFileLockManager] Releasing lock on daemon addresses registry.
2024-06-06T17:26:12.095-0500 [DEBUG] [org.gradle.cache.internal.DefaultFileLockManager] Waiting to acquire shared lock on daemon addresses registry.
2024-06-06T17:26:12.096-0500 [DEBUG] [org.gradle.cache.internal.DefaultFileLockManager] Lock acquired on daemon addresses registry.
2024-06-06T17:26:12.097-0500 [DEBUG] [org.gradle.cache.internal.DefaultFileLockManager] Releasing lock on daemon addresses registry.
2024-06-06T17:26:12.097-0500 [DEBUG] [org.gradle.cache.internal.DefaultFileLockManager] Waiting to acquire shared lock on daemon addresses registry.
2024-06-06T17:26:12.097-0500 [DEBUG] [org.gradle.cache.internal.DefaultFileLockManager] Lock acquired on daemon addresses registry.
2024-06-06T17:26:12.098-0500 [DEBUG] [org.gradle.cache.internal.DefaultFileLockManager] Releasing lock on daemon addresses registry.
2024-06-06T17:26:12.098-0500 [DEBUG] [org.gradle.cache.internal.DefaultFileLockManager] Waiting to acquire shared lock on daemon addresses registry.
2024-06-06T17:26:12.098-0500 [DEBUG] [org.gradle.cache.internal.DefaultFileLockManager] Lock acquired on daemon addresses registry.
2024-06-06T17:26:12.098-0500 [DEBUG] [org.gradle.cache.internal.DefaultFileLockManager] Releasing lock on daemon addresses registry.
2024-06-06T17:26:22.096-0500 [DEBUG] [org.gradle.cache.internal.DefaultFileLockManager] Waiting to acquire shared lock on daemon addresses registry.
2024-06-06T17:26:22.096-0500 [DEBUG] [org.gradle.cache.internal.DefaultFileLockManager] Lock acquired on daemon addresses registry.
2024-06-06T17:26:22.096-0500 [DEBUG] [org.gradle.cache.internal.DefaultFileLockManager] Releasing lock on daemon addresses registry.
2024-06-06T17:26:22.097-0500 [DEBUG] [org.gradle.cache.internal.DefaultFileLockManager] Waiting to acquire shared lock on daemon addresses registry.
2024-06-06T17:26:22.097-0500 [DEBUG] [org.gradle.cache.internal.DefaultFileLockManager] Lock acquired on daemon addresses registry.
2024-06-06T17:26:22.097-0500 [DEBUG] [org.gradle.cache.internal.DefaultFileLockManager] Releasing lock on daemon addresses registry.
2024-06-06T17:26:22.098-0500 [DEBUG] [org.gradle.cache.internal.DefaultFileLockManager] Waiting to acquire shared lock on daemon addresses registry.
2024-06-06T17:26:22.098-0500 [DEBUG] [org.gradle.cache.internal.DefaultFileLockManager] Lock acquired on daemon addresses registry.
2024-06-06T17:26:22.098-0500 [DEBUG] [org.gradle.cache.internal.DefaultFileLockManager] Releasing lock on daemon addresses registry.
2024-06-06T17:26:32.096-0500 [DEBUG] [org.gradle.cache.internal.DefaultFileLockManager] Waiting to acquire shared lock on daemon addresses registry.
2024-06-06T17:26:32.097-0500 [DEBUG] [org.gradle.cache.internal.DefaultFileLockManager] Lock acquired on daemon addresses registry.
2024-06-06T17:26:32.098-0500 [DEBUG] [org.gradle.cache.internal.DefaultFileLockManager] Releasing lock on daemon addresses registry.
2024-06-06T17:26:32.098-0500 [DEBUG] [org.gradle.cache.internal.DefaultFileLockManager] Waiting to acquire shared lock on daemon addresses registry.
2024-06-06T17:26:32.098-0500 [DEBUG] [org.gradle.cache.internal.DefaultFileLockManager] Lock acquired on daemon addresses registry.
2024-06-06T17:26:32.098-0500 [DEBUG] [org.gradle.cache.internal.DefaultFileLockManager] Releasing lock on daemon addresses registry.
2024-06-06T17:26:32.099-0500 [DEBUG] [org.gradle.cache.internal.DefaultFileLockManager] Waiting to acquire shared lock on daemon addresses registry.
2024-06-06T17:26:32.099-0500 [DEBUG] [org.gradle.cache.internal.DefaultFileLockManager] Lock acquired on daemon addresses registry.
2024-06-06T17:26:32.099-0500 [DEBUG] [org.gradle.cache.internal.DefaultFileLockManager] Releasing lock on daemon addresses registry.
2024-06-06T17:26:42.097-0500 [DEBUG] [org.gradle.cache.internal.DefaultFileLockManager] Waiting to acquire shared lock on daemon addresses registry.
2024-06-06T17:26:42.097-0500 [DEBUG] [org.gradle.cache.internal.DefaultFileLockManager] Lock acquired on daemon addresses registry.
2024-06-06T17:26:42.097-0500 [DEBUG] [org.gradle.cache.internal.DefaultFileLockManager] Releasing lock on daemon addresses registry.
2024-06-06T17:26:42.098-0500 [DEBUG] [org.gradle.cache.internal.DefaultFileLockManager] Waiting to acquire shared lock on daemon addresses registry.
2024-06-06T17:26:42.098-0500 [DEBUG] [org.gradle.cache.internal.DefaultFileLockManager] Lock acquired on daemon addresses registry.
2024-06-06T17:26:42.098-0500 [DEBUG] [org.gradle.cache.internal.DefaultFileLockManager] Releasing lock on daemon addresses registry.
2024-06-06T17:26:42.098-0500 [DEBUG] [org.gradle.cache.internal.DefaultFileLockManager] Waiting to acquire shared lock on daemon addresses registry.
2024-06-06T17:26:42.098-0500 [DEBUG] [org.gradle.cache.internal.DefaultFileLockManager] Lock acquired on daemon addresses registry.
2024-06-06T17:26:42.098-0500 [DEBUG] [org.gradle.cache.internal.DefaultFileLockManager] Releasing lock on daemon addresses registry.
2024-06-06T17:26:52.093-0500 [DEBUG] [org.gradle.cache.internal.DefaultFileLockManager] Waiting to acquire shared lock on daemon addresses registry.
2024-06-06T17:26:52.093-0500 [DEBUG] [org.gradle.cache.internal.DefaultFileLockManager] Lock acquired on daemon addresses registry.
2024-06-06T17:26:52.094-0500 [DEBUG] [org.gradle.cache.internal.DefaultFileLockManager] Releasing lock on daemon addresses registry.
2024-06-06T17:26:52.095-0500 [DEBUG] [org.gradle.cache.internal.DefaultFileLockManager] Waiting to acquire shared lock on daemon addresses registry.
2024-06-06T17:26:52.095-0500 [DEBUG] [org.gradle.cache.internal.DefaultFileLockManager] Lock acquired on daemon addresses registry.
2024-06-06T17:26:52.095-0500 [DEBUG] [org.gradle.cache.internal.DefaultFileLockManager] Releasing lock on daemon addresses registry.
2024-06-06T17:26:52.095-0500 [DEBUG] [org.gradle.cache.internal.DefaultFileLockManager] Waiting to acquire shared lock on daemon addresses registry.
2024-06-06T17:26:52.095-0500 [DEBUG] [org.gradle.cache.internal.DefaultFileLockManager] Lock acquired on daemon addresses registry.
2024-06-06T17:26:52.096-0500 [DEBUG] [org.gradle.cache.internal.DefaultFileLockManager] Releasing lock on daemon addresses registry.
2024-06-06T17:27:02.096-0500 [DEBUG] [org.gradle.cache.internal.DefaultFileLockManager] Waiting to acquire shared lock on daemon addresses registry.
2024-06-06T17:27:02.096-0500 [DEBUG] [org.gradle.cache.internal.DefaultFileLockManager] Lock acquired on daemon addresses registry.
2024-06-06T17:27:02.096-0500 [DEBUG] [org.gradle.cache.internal.DefaultFileLockManager] Releasing lock on daemon addresses registry.
2024-06-06T17:27:02.097-0500 [DEBUG] [org.gradle.cache.internal.DefaultFileLockManager] Waiting to acquire shared lock on daemon addresses registry.
2024-06-06T17:27:02.097-0500 [DEBUG] [org.gradle.cache.internal.DefaultFileLockManager] Lock acquired on daemon addresses registry.
2024-06-06T17:27:02.097-0500 [DEBUG] [org.gradle.cache.internal.DefaultFileLockManager] Releasing lock on daemon addresses registry.
2024-06-06T17:27:02.097-0500 [DEBUG] [org.gradle.cache.internal.DefaultFileLockManager] Waiting to acquire shared lock on daemon addresses registry.
2024-06-06T17:27:02.097-0500 [DEBUG] [org.gradle.cache.internal.DefaultFileLockManager] Lock acquired on daemon addresses registry.
2024-06-06T17:27:02.098-0500 [DEBUG] [org.gradle.cache.internal.DefaultFileLockManager] Releasing lock on daemon addresses registry.
2024-06-06T17:27:12.096-0500 [DEBUG] [org.gradle.cache.internal.DefaultFileLockManager] Waiting to acquire shared lock on daemon addresses registry.
2024-06-06T17:27:12.097-0500 [DEBUG] [org.gradle.cache.internal.DefaultFileLockManager] Lock acquired on daemon addresses registry.
2024-06-06T17:27:12.098-0500 [DEBUG] [org.gradle.cache.internal.DefaultFileLockManager] Releasing lock on daemon addresses registry.
2024-06-06T17:27:12.098-0500 [DEBUG] [org.gradle.cache.internal.DefaultFileLockManager] Waiting to acquire shared lock on daemon addresses registry.
2024-06-06T17:27:12.098-0500 [DEBUG] [org.gradle.cache.internal.DefaultFileLockManager] Lock acquired on daemon addresses registry.
2024-06-06T17:27:12.098-0500 [DEBUG] [org.gradle.cache.internal.DefaultFileLockManager] Releasing lock on daemon addresses registry.
2024-06-06T17:27:12.099-0500 [DEBUG] [org.gradle.cache.internal.DefaultFileLockManager] Waiting to acquire shared lock on daemon addresses registry.
2024-06-06T17:27:12.099-0500 [DEBUG] [org.gradle.cache.internal.DefaultFileLockManager] Lock acquired on daemon addresses registry.
2024-06-06T17:27:12.099-0500 [DEBUG] [org.gradle.cache.internal.DefaultFileLockManager] Releasing lock on daemon addresses registry.
2024-06-06T17:27:22.098-0500 [DEBUG] [org.gradle.cache.internal.DefaultFileLockManager] Waiting to acquire shared lock on daemon addresses registry.
2024-06-06T17:27:22.099-0500 [DEBUG] [org.gradle.cache.internal.DefaultFileLockManager] Lock acquired on daemon addresses registry.
2024-06-06T17:27:22.100-0500 [DEBUG] [org.gradle.cache.internal.DefaultFileLockManager] Releasing lock on daemon addresses registry.
2024-06-06T17:27:22.101-0500 [DEBUG] [org.gradle.cache.internal.DefaultFileLockManager] Waiting to acquire shared lock on daemon addresses registry.
2024-06-06T17:27:22.101-0500 [DEBUG] [org.gradle.cache.internal.DefaultFileLockManager] Lock acquired on daemon addresses registry.
2024-06-06T17:27:22.102-0500 [DEBUG] [org.gradle.cache.internal.DefaultFileLockManager] Releasing lock on daemon addresses registry.
2024-06-06T17:27:22.102-0500 [DEBUG] [org.gradle.cache.internal.DefaultFileLockManager] Waiting to acquire shared lock on daemon addresses registry.
2024-06-06T17:27:22.102-0500 [DEBUG] [org.gradle.cache.internal.DefaultFileLockManager] Lock acquired on daemon addresses registry.
2024-06-06T17:27:22.102-0500 [DEBUG] [org.gradle.cache.internal.DefaultFileLockManager] Releasing lock on daemon addresses registry.
2024-06-06T17:27:32.103-0500 [DEBUG] [org.gradle.cache.internal.DefaultFileLockManager] Waiting to acquire shared lock on daemon addresses registry.
2024-06-06T17:27:32.105-0500 [DEBUG] [org.gradle.cache.internal.DefaultFileLockManager] Lock acquired on daemon addresses registry.
2024-06-06T17:27:32.106-0500 [DEBUG] [org.gradle.cache.internal.DefaultFileLockManager] Releasing lock on daemon addresses registry.
2024-06-06T17:27:32.106-0500 [DEBUG] [org.gradle.cache.internal.DefaultFileLockManager] Waiting to acquire shared lock on daemon addresses registry.
2024-06-06T17:27:32.107-0500 [DEBUG] [org.gradle.cache.internal.DefaultFileLockManager] Lock acquired on daemon addresses registry.
2024-06-06T17:27:32.107-0500 [DEBUG] [org.gradle.cache.internal.DefaultFileLockManager] Releasing lock on daemon addresses registry.
2024-06-06T17:27:32.108-0500 [DEBUG] [org.gradle.cache.internal.DefaultFileLockManager] Waiting to acquire shared lock on daemon addresses registry.
2024-06-06T17:27:32.108-0500 [DEBUG] [org.gradle.cache.internal.DefaultFileLockManager] Lock acquired on daemon addresses registry.
2024-06-06T17:27:32.108-0500 [DEBUG] [org.gradle.cache.internal.DefaultFileLockManager] Releasing lock on daemon addresses registry.
2024-06-06T17:27:42.104-0500 [DEBUG] [org.gradle.cache.internal.DefaultFileLockManager] Waiting to acquire shared lock on daemon addresses registry.
2024-06-06T17:27:42.105-0500 [DEBUG] [org.gradle.cache.internal.DefaultFileLockManager] Lock acquired on daemon addresses registry.
2024-06-06T17:27:42.105-0500 [DEBUG] [org.gradle.cache.internal.DefaultFileLockManager] Releasing lock on daemon addresses registry.
2024-06-06T17:27:42.106-0500 [DEBUG] [org.gradle.cache.internal.DefaultFileLockManager] Waiting to acquire shared lock on daemon addresses registry.
2024-06-06T17:27:42.106-0500 [DEBUG] [org.gradle.cache.internal.DefaultFileLockManager] Lock acquired on daemon addresses registry.
2024-06-06T17:27:42.106-0500 [DEBUG] [org.gradle.cache.internal.DefaultFileLockManager] Releasing lock on daemon addresses registry.
2024-06-06T17:27:42.106-0500 [DEBUG] [org.gradle.cache.internal.DefaultFileLockManager] Waiting to acquire shared lock on daemon addresses registry.
2024-06-06T17:27:42.106-0500 [DEBUG] [org.gradle.cache.internal.DefaultFileLockManager] Lock acquired on daemon addresses registry.
2024-06-06T17:27:42.107-0500 [DEBUG] [org.gradle.cache.internal.DefaultFileLockManager] Releasing lock on daemon addresses registry.
2024-06-06T17:27:52.097-0500 [DEBUG] [org.gradle.cache.internal.DefaultFileLockManager] Waiting to acquire shared lock on daemon addresses registry.
2024-06-06T17:27:52.098-0500 [DEBUG] [org.gradle.cache.internal.DefaultFileLockManager] Lock acquired on daemon addresses registry.
2024-06-06T17:27:52.098-0500 [DEBUG] [org.gradle.cache.internal.DefaultFileLockManager] Releasing lock on daemon addresses registry.
2024-06-06T17:27:52.099-0500 [DEBUG] [org.gradle.cache.internal.DefaultFileLockManager] Waiting to acquire shared lock on daemon addresses registry.
2024-06-06T17:27:52.099-0500 [DEBUG] [org.gradle.cache.internal.DefaultFileLockManager] Lock acquired on daemon addresses registry.
2024-06-06T17:27:52.099-0500 [DEBUG] [org.gradle.cache.internal.DefaultFileLockManager] Releasing lock on daemon addresses registry.
2024-06-06T17:27:52.100-0500 [DEBUG] [org.gradle.cache.internal.DefaultFileLockManager] Waiting to acquire shared lock on daemon addresses registry.
2024-06-06T17:27:52.100-0500 [DEBUG] [org.gradle.cache.internal.DefaultFileLockManager] Lock acquired on daemon addresses registry.
2024-06-06T17:27:52.100-0500 [DEBUG] [org.gradle.cache.internal.DefaultFileLockManager] Releasing lock on daemon addresses registry.
2024-06-06T17:28:02.098-0500 [DEBUG] [org.gradle.cache.internal.DefaultFileLockManager] Waiting to acquire shared lock on daemon addresses registry.
2024-06-06T17:28:02.099-0500 [DEBUG] [org.gradle.cache.internal.DefaultFileLockManager] Lock acquired on daemon addresses registry.
2024-06-06T17:28:02.100-0500 [DEBUG] [org.gradle.cache.internal.DefaultFileLockManager] Releasing lock on daemon addresses registry.
2024-06-06T17:28:02.100-0500 [DEBUG] [org.gradle.cache.internal.DefaultFileLockManager] Waiting to acquire shared lock on daemon addresses registry.
2024-06-06T17:28:02.100-0500 [DEBUG] [org.gradle.cache.internal.DefaultFileLockManager] Lock acquired on daemon addresses registry.
2024-06-06T17:28:02.101-0500 [DEBUG] [org.gradle.cache.internal.DefaultFileLockManager] Releasing lock on daemon addresses registry.
2024-06-06T17:28:02.101-0500 [DEBUG] [org.gradle.cache.internal.DefaultFileLockManager] Waiting to acquire shared lock on daemon addresses registry.
2024-06-06T17:28:02.101-0500 [DEBUG] [org.gradle.cache.internal.DefaultFileLockManager] Lock acquired on daemon addresses registry.
2024-06-06T17:28:02.101-0500 [DEBUG] [org.gradle.cache.internal.DefaultFileLockManager] Releasing lock on daemon addresses registry.
2024-06-06T17:28:12.096-0500 [DEBUG] [org.gradle.cache.internal.DefaultFileLockManager] Waiting to acquire shared lock on daemon addresses registry.
2024-06-06T17:28:12.099-0500 [DEBUG] [org.gradle.cache.internal.DefaultFileLockManager] Lock acquired on daemon addresses registry.
2024-06-06T17:28:12.100-0500 [DEBUG] [org.gradle.cache.internal.DefaultFileLockManager] Releasing lock on daemon addresses registry.
2024-06-06T17:28:12.101-0500 [DEBUG] [org.gradle.cache.internal.DefaultFileLockManager] Waiting to acquire shared lock on daemon addresses registry.
2024-06-06T17:28:12.101-0500 [DEBUG] [org.gradle.cache.internal.DefaultFileLockManager] Lock acquired on daemon addresses registry.
2024-06-06T17:28:12.101-0500 [DEBUG] [org.gradle.cache.internal.DefaultFileLockManager] Releasing lock on daemon addresses registry.
2024-06-06T17:28:12.101-0500 [DEBUG] [org.gradle.cache.internal.DefaultFileLockManager] Waiting to acquire shared lock on daemon addresses registry.
2024-06-06T17:28:12.101-0500 [DEBUG] [org.gradle.cache.internal.DefaultFileLockManager] Lock acquired on daemon addresses registry.
2024-06-06T17:28:12.101-0500 [DEBUG] [org.gradle.cache.internal.DefaultFileLockManager] Releasing lock on daemon addresses registry.
2024-06-06T17:28:22.098-0500 [DEBUG] [org.gradle.cache.internal.DefaultFileLockManager] Waiting to acquire shared lock on daemon addresses registry.
2024-06-06T17:28:22.099-0500 [DEBUG] [org.gradle.cache.internal.DefaultFileLockManager] Lock acquired on daemon addresses registry.
2024-06-06T17:28:22.100-0500 [DEBUG] [org.gradle.cache.internal.DefaultFileLockManager] Releasing lock on daemon addresses registry.
2024-06-06T17:28:22.101-0500 [DEBUG] [org.gradle.cache.internal.DefaultFileLockManager] Waiting to acquire shared lock on daemon addresses registry.
2024-06-06T17:28:22.101-0500 [DEBUG] [org.gradle.cache.internal.DefaultFileLockManager] Lock acquired on daemon addresses registry.
2024-06-06T17:28:22.101-0500 [DEBUG] [org.gradle.cache.internal.DefaultFileLockManager] Releasing lock on daemon addresses registry.
2024-06-06T17:28:22.101-0500 [DEBUG] [org.gradle.cache.internal.DefaultFileLockManager] Waiting to acquire shared lock on daemon addresses registry.
2024-06-06T17:28:22.101-0500 [DEBUG] [org.gradle.cache.internal.DefaultFileLockManager] Lock acquired on daemon addresses registry.
2024-06-06T17:28:22.101-0500 [DEBUG] [org.gradle.cache.internal.DefaultFileLockManager] Releasing lock on daemon addresses registry.
2024-06-06T17:28:32.102-0500 [DEBUG] [org.gradle.cache.internal.DefaultFileLockManager] Waiting to acquire shared lock on daemon addresses registry.
2024-06-06T17:28:32.102-0500 [DEBUG] [org.gradle.cache.internal.DefaultFileLockManager] Lock acquired on daemon addresses registry.
2024-06-06T17:28:32.102-0500 [DEBUG] [org.gradle.cache.internal.DefaultFileLockManager] Releasing lock on daemon addresses registry.
2024-06-06T17:28:32.103-0500 [DEBUG] [org.gradle.cache.internal.DefaultFileLockManager] Waiting to acquire shared lock on daemon addresses registry.
2024-06-06T17:28:32.103-0500 [DEBUG] [org.gradle.cache.internal.DefaultFileLockManager] Lock acquired on daemon addresses registry.
2024-06-06T17:28:32.104-0500 [DEBUG] [org.gradle.cache.internal.DefaultFileLockManager] Releasing lock on daemon addresses registry.
2024-06-06T17:28:32.105-0500 [DEBUG] [org.gradle.cache.internal.DefaultFileLockManager] Waiting to acquire shared lock on daemon addresses registry.
2024-06-06T17:28:32.105-0500 [DEBUG] [org.gradle.cache.internal.DefaultFileLockManager] Lock acquired on daemon addresses registry.
2024-06-06T17:28:32.105-0500 [DEBUG] [org.gradle.cache.internal.DefaultFileLockManager] Releasing lock on daemon addresses registry.
2024-06-06T17:28:35.076-0500 [DEBUG] [org.gradle.internal.remote.internal.inet.TcpIncomingConnector] Accepted connection from /127.0.0.1:52564 to /127.0.0.1:51633.
2024-06-06T17:28:35.089-0500 [DEBUG] [org.gradle.launcher.daemon.server.SynchronizedDispatchConnection] thread 767: received class org.gradle.launcher.daemon.protocol.Build
2024-06-06T17:28:35.089-0500 [DEBUG] [org.gradle.launcher.daemon.server.DefaultDaemonConnection] thread 767: Received non-IO message from client: Build{id=0cb5cea7-5c53-4a8d-9d13-517cf70c910b, currentDir=/Users/victoriamarin/Documents/Unity/Act5/Library/Bee/Android/Prj/Mono2x/Gradle/launcher}
2024-06-06T17:28:35.090-0500 [INFO] [org.gradle.launcher.daemon.server.DefaultIncomingConnectionHandler] Received command: Build{id=0cb5cea7-5c53-4a8d-9d13-517cf70c910b, currentDir=/Users/victoriamarin/Documents/Unity/Act5/Library/Bee/Android/Prj/Mono2x/Gradle/launcher}.
2024-06-06T17:28:35.090-0500 [DEBUG] [org.gradle.launcher.daemon.server.DefaultIncomingConnectionHandler] Starting executing command: Build{id=0cb5cea7-5c53-4a8d-9d13-517cf70c910b, currentDir=/Users/victoriamarin/Documents/Unity/Act5/Library/Bee/Android/Prj/Mono2x/Gradle/launcher} with connection: socket connection from /127.0.0.1:51633 to /127.0.0.1:52564.
2024-06-06T17:28:35.092-0500 [DEBUG] [org.gradle.launcher.daemon.server.DaemonStateCoordinator] Command execution: started DaemonCommandExecution[command = Build{id=0cb5cea7-5c53-4a8d-9d13-517cf70c910b, currentDir=/Users/victoriamarin/Documents/Unity/Act5/Library/Bee/Android/Prj/Mono2x/Gradle/launcher}, connection = DefaultDaemonConnection: socket connection from /127.0.0.1:51633 to /127.0.0.1:52564] after 2.0 minutes of idle
2024-06-06T17:28:35.093-0500 [INFO] [org.gradle.launcher.daemon.server.DaemonRegistryUpdater] Marking the daemon as busy, address: [b05bccea-4b99-43d7-aa15-fac7a48638b2 port:51633, addresses:[localhost/127.0.0.1]]
2024-06-06T17:28:35.093-0500 [DEBUG] [org.gradle.launcher.daemon.registry.PersistentDaemonRegistry] Marking busy by address: [b05bccea-4b99-43d7-aa15-fac7a48638b2 port:51633, addresses:[localhost/127.0.0.1]]
2024-06-06T17:28:35.093-0500 [DEBUG] [org.gradle.cache.internal.DefaultFileLockManager] Waiting to acquire exclusive lock on daemon addresses registry.
2024-06-06T17:28:35.094-0500 [DEBUG] [org.gradle.cache.internal.DefaultFileLockManager] Lock acquired on daemon addresses registry.
2024-06-06T17:28:35.094-0500 [DEBUG] [org.gradle.cache.internal.DefaultFileLockManager] Releasing lock on daemon addresses registry.
2024-06-06T17:28:35.094-0500 [DEBUG] [org.gradle.launcher.daemon.server.DaemonStateCoordinator] resetting idle timer
2024-06-06T17:28:35.094-0500 [DEBUG] [org.gradle.launcher.daemon.server.DaemonStateCoordinator] daemon is running. Sleeping until state changes.
2024-06-06T17:28:35.094-0500 [INFO] [org.gradle.launcher.daemon.server.exec.StartBuildOrRespondWithBusy] Daemon is about to start building Build{id=0cb5cea7-5c53-4a8d-9d13-517cf70c910b, currentDir=/Users/victoriamarin/Documents/Unity/Act5/Library/Bee/Android/Prj/Mono2x/Gradle/launcher}. Dispatching build started information...
2024-06-06T17:28:35.095-0500 [DEBUG] [org.gradle.launcher.daemon.server.SynchronizedDispatchConnection] thread 769: dispatching org.gradle.launcher.daemon.protocol.BuildStarted@19aa97e0
2024-06-06T17:28:35.096-0500 [DEBUG] [org.gradle.launcher.daemon.server.exec.EstablishBuildEnvironment] Configuring env variables: [PATH, AMPLITUDE_TOKEN_YELLOWBUCKET_DEV, AMPLITUDE_TOKEN_YELLOWBUCKET_PROD, MallocNanoZone, SENTRY_ACCESS_TOKEN, JAVA_HOME, AMPLITUDE_API_KEY_YELLOWBUCKET_DEV, AMPLITUDE_TOKEN_GREENBUCKET_DEV, JAVA_MAIN_CLASS_20231, AMPLITUDE_TOKEN_REDBUCKET_PROD, WOOTRIC_CLIENT_TOKEN, COMMAND_MODE, AMPLITUDE_API_KEY_YELLOWBUCKET_PROD, JAVA_TOOL_OPTIONS, AMPLITUDE_API_KEY_GREENBUCKET_PROD, AMPLITUDE_TOKEN_GREENBUCKET_PROD, AMPLITUDE_API_KEY_REDBUCKET_DEV, LOGNAME, XPC_SERVICE_NAME, AMPLITUDE_API_KEY_GREENBUCKET_DEV, __CFBundleIdentifier, SHELL, AMPLITUDE_TOKEN_REDBUCKET_DEV, ANDROID_NDK_ROOT, DEBUG_ENV_VAR, USER, TMPDIR, ORIGINAL_XDG_CURRENT_DESKTOP, AMPLITUDE_API_KEY, SSH_AUTH_SOCK, AMPLITUDE_API_KEY_STAGING, XPC_FLAGS, AMPLITUDE_API_KEY_REDBUCKET_PROD, __CF_USER_TEXT_ENCODING, AMPLITUDE_DEPLOYMENT_KEY_RED_BUCKET_PROD, AMPLITUDE_DEPLOYMENT_KEY_RED_BUCKET_DEV, HOME]
2024-06-06T17:28:35.099-0500 [DEBUG] [org.gradle.launcher.daemon.server.exec.LogToClient] About to start relaying all logs to the client via the connection.
2024-06-06T17:28:35.099-0500 [INFO] [org.gradle.launcher.daemon.server.exec.LogToClient] The client will now receive all logging from the daemon (pid: 19198). The daemon log file: /Users/victoriamarin/.gradle/daemon/7.2/daemon-19198.out.log
2024-06-06T17:28:35.101-0500 [INFO] [org.gradle.launcher.daemon.server.exec.LogAndCheckHealth] Starting 7th build in daemon [uptime: 21 mins 3.209 secs, performance: 100%]
2024-06-06T17:28:35.101-0500 [DEBUG] [org.gradle.launcher.daemon.server.exec.ExecuteBuild] The daemon has started executing the build.
2024-06-06T17:28:35.102-0500 [DEBUG] [org.gradle.launcher.daemon.server.exec.ExecuteBuild] Executing build with daemon context: DefaultDaemonContext[uid=bf65fa1e-52e8-4b56-a871-74da22f3df88,javaHome=/Applications/Unity/Hub/Editor/2022.3.22f1/PlaybackEngines/AndroidPlayer/OpenJDK,daemonRegistryDir=/Users/victoriamarin/.gradle/daemon,pid=19198,idleTimeout=10800000,priority=NORMAL,daemonOpts=--add-opens,java.base/java.util=ALL-UNNAMED,--add-opens,java.base/java.lang=ALL-UNNAMED,--add-opens,java.base/java.lang.invoke=ALL-UNNAMED,--add-opens,java.base/java.util=ALL-UNNAMED,--add-opens,java.prefs/java.util.prefs=ALL-UNNAMED,--add-opens,java.prefs/java.util.prefs=ALL-UNNAMED,--add-opens,java.base/java.nio.charset=ALL-UNNAMED,--add-opens,java.base/java.net=ALL-UNNAMED,--add-opens,java.base/java.util.concurrent.atomic=ALL-UNNAMED,-Xmx4096m,-Dfile.encoding=UTF-8,-Duser.country=MX,-Duser.language=en,-Duser.variant]
/Applications/Unity/Hub/Editor/2022.3.22f1/PlaybackEngines/AndroidPlayer/NDK/toolchains/llvm/prebuilt/darwin-x86_64/bin/llvm-objcopy: error: program header with offset 0x28c640 and file size 0xa9c0 goes past the end of the file

Unable to extract native debug metadata from /Users/victoriamarin/Documents/Unity/Act5/Library/Bee/Android/Prj/Mono2x/Gradle/launcher/build/intermediates/merged_native_libs/release/out/lib/armeabi-v7a/libOVRPlugin.so because of non-zero exit value from objcopy.
Note: /Users/victoriamarin/Documents/Unity/Act5/Library/Bee/Android/Prj/Mono2x/Gradle/unityLibrary/src/main/java/com/unity3d/player/UnityPlayerActivity.java uses or overrides a deprecated API.
Note: Recompile with -Xlint:deprecation for details.
PackagingOptions.jniLibs.useLegacyPackaging should be set to true because android:extractNativeLibs is set to "true" in AndroidManifest.xml.

BUILD SUCCESSFUL in 9s
100 actionable tasks: 100 executed
2024-06-06T17:28:43.873-0500 [DEBUG] [org.gradle.launcher.daemon.server.exec.ExecuteBuild] The daemon has finished executing the build.
2024-06-06T17:28:43.890-0500 [DEBUG] [org.gradle.launcher.daemon.server.DaemonStateCoordinator] daemon is running. Sleeping until state changes.
2024-06-06T17:28:43.891-0500 [DEBUG] [org.gradle.launcher.daemon.server.DaemonStateCoordinator] Command execution: finished waiting for DaemonCommandExecution[command = Build{id=0cb5cea7-5c53-4a8d-9d13-517cf70c910b, currentDir=/Users/victoriamarin/Documents/Unity/Act5/Library/Bee/Android/Prj/Mono2x/Gradle/launcher}, connection = DefaultDaemonConnection: socket connection from /127.0.0.1:51633 to /127.0.0.1:52564]. Result org.gradle.launcher.daemon.server.DaemonStateCoordinator@6f95e280 with state Busy
2024-06-06T17:28:43.891-0500 [DEBUG] [org.gradle.launcher.daemon.server.DaemonStateCoordinator] Command execution: completed DaemonCommandExecution[command = Build{id=0cb5cea7-5c53-4a8d-9d13-517cf70c910b, currentDir=/Users/victoriamarin/Documents/Unity/Act5/Library/Bee/Android/Prj/Mono2x/Gradle/launcher}, connection = DefaultDaemonConnection: socket connection from /127.0.0.1:51633 to /127.0.0.1:52564]
2024-06-06T17:28:43.891-0500 [DEBUG] [org.gradle.launcher.daemon.server.DaemonStateCoordinator] resetting idle timer
2024-06-06T17:28:43.891-0500 [INFO] [org.gradle.launcher.daemon.server.DaemonRegistryUpdater] Marking the daemon as idle, address: [b05bccea-4b99-43d7-aa15-fac7a48638b2 port:51633, addresses:[localhost/127.0.0.1]]
2024-06-06T17:28:43.891-0500 [DEBUG] [org.gradle.launcher.daemon.registry.PersistentDaemonRegistry] Marking busy by address: [b05bccea-4b99-43d7-aa15-fac7a48638b2 port:51633, addresses:[localhost/127.0.0.1]]
2024-06-06T17:28:43.892-0500 [DEBUG] [org.gradle.cache.internal.DefaultFileLockManager] Waiting to acquire exclusive lock on daemon addresses registry.
2024-06-06T17:28:43.894-0500 [DEBUG] [org.gradle.cache.internal.DefaultFileLockManager] Lock acquired on daemon addresses registry.
2024-06-06T17:28:43.897-0500 [DEBUG] [org.gradle.cache.internal.DefaultFileLockManager] Releasing lock on daemon addresses registry.
2024-06-06T17:28:43.897-0500 [DEBUG] [org.gradle.launcher.daemon.server.DaemonStateCoordinator] daemon is running. Sleeping until state changes.
2024-06-06T17:28:43.897-0500 [DEBUG] [org.gradle.launcher.daemon.server.exec.ReturnResult] Daemon is dispatching the build result: Success[value=org.gradle.launcher.exec.BuildActionResult@321baf27]
2024-06-06T17:28:43.897-0500 [DEBUG] [org.gradle.launcher.daemon.server.SynchronizedDispatchConnection] thread 766: dispatching Success[value=org.gradle.launcher.exec.BuildActionResult@321baf27]
2024-06-06T17:28:43.898-0500 [DEBUG] [org.gradle.launcher.daemon.server.DefaultIncomingConnectionHandler] Finishing executing command: Build{id=0cb5cea7-5c53-4a8d-9d13-517cf70c910b, currentDir=/Users/victoriamarin/Documents/Unity/Act5/Library/Bee/Android/Prj/Mono2x/Gradle/launcher}
2024-06-06T17:28:43.900-0500 [DEBUG] [org.gradle.launcher.daemon.server.SynchronizedDispatchConnection] thread 767: received class org.gradle.launcher.daemon.protocol.CloseInput
2024-06-06T17:28:43.900-0500 [DEBUG] [org.gradle.launcher.daemon.server.DefaultDaemonConnection] thread 767: Received IO message from client: org.gradle.launcher.daemon.protocol.CloseInput@29b14ae2
2024-06-06T17:28:43.900-0500 [DEBUG] [org.gradle.launcher.daemon.server.SynchronizedDispatchConnection] thread 767: received class org.gradle.launcher.daemon.protocol.Finished
2024-06-06T17:28:43.900-0500 [DEBUG] [org.gradle.launcher.daemon.server.DefaultDaemonConnection] thread 767: Received non-IO message from client: org.gradle.launcher.daemon.protocol.Finished@2776a1a4
2024-06-06T17:28:43.900-0500 [DEBUG] [org.gradle.launcher.daemon.server.DefaultIncomingConnectionHandler] Received finished message: org.gradle.launcher.daemon.protocol.Finished@2776a1a4
2024-06-06T17:28:43.900-0500 [DEBUG] [org.gradle.launcher.daemon.server.SynchronizedDispatchConnection] thread 766: stopping connection
2024-06-06T17:28:43.902-0500 [DEBUG] [org.gradle.internal.remote.internal.inet.SocketConnection] Discarding EOFException: java.io.EOFException
2024-06-06T17:28:43.902-0500 [DEBUG] [org.gradle.launcher.daemon.server.SynchronizedDispatchConnection] thread 767: received null
2024-06-06T17:28:43.902-0500 [DEBUG] [org.gradle.launcher.daemon.server.DefaultDaemonConnection] thread 767: Received end-of-input from client.
2024-06-06T17:28:43.902-0500 [DEBUG] [org.gradle.launcher.daemon.server.SynchronizedDispatchConnection] thread 766: stopping connection
2024-06-06T17:28:52.101-0500 [DEBUG] [org.gradle.cache.internal.DefaultFileLockManager] Waiting to acquire shared lock on daemon addresses registry.
2024-06-06T17:28:52.103-0500 [DEBUG] [org.gradle.cache.internal.DefaultFileLockManager] Lock acquired on daemon addresses registry.
2024-06-06T17:28:52.106-0500 [DEBUG] [org.gradle.cache.internal.DefaultFileLockManager] Releasing lock on daemon addresses registry.
2024-06-06T17:28:52.113-0500 [DEBUG] [org.gradle.cache.internal.DefaultFileLockManager] Waiting to acquire shared lock on daemon addresses registry.
2024-06-06T17:28:52.114-0500 [DEBUG] [org.gradle.cache.internal.DefaultFileLockManager] Lock acquired on daemon addresses registry.
2024-06-06T17:28:52.114-0500 [DEBUG] [org.gradle.cache.internal.DefaultFileLockManager] Releasing lock on daemon addresses registry.
2024-06-06T17:29:02.099-0500 [DEBUG] [org.gradle.cache.internal.DefaultFileLockManager] Waiting to acquire shared lock on daemon addresses registry.
2024-06-06T17:29:02.099-0500 [DEBUG] [org.gradle.cache.internal.DefaultFileLockManager] Lock acquired on daemon addresses registry.
2024-06-06T17:29:02.100-0500 [DEBUG] [org.gradle.cache.internal.DefaultFileLockManager] Releasing lock on daemon addresses registry.
2024-06-06T17:29:02.102-0500 [DEBUG] [org.gradle.cache.internal.DefaultFileLockManager] Waiting to acquire shared lock on daemon addresses registry.
2024-06-06T17:29:02.102-0500 [DEBUG] [org.gradle.cache.internal.DefaultFileLockManager] Lock acquired on daemon addresses registry.
2024-06-06T17:29:02.102-0500 [DEBUG] [org.gradle.cache.internal.DefaultFileLockManager] Releasing lock on daemon addresses registry.
2024-06-06T17:29:02.104-0500 [DEBUG] [org.gradle.cache.internal.DefaultFileLockManager] Waiting to acquire shared lock on daemon addresses registry.
2024-06-06T17:29:02.104-0500 [DEBUG] [org.gradle.cache.internal.DefaultFileLockManager] Lock acquired on daemon addresses registry.
2024-06-06T17:29:02.105-0500 [DEBUG] [org.gradle.cache.internal.DefaultFileLockManager] Releasing lock on daemon addresses registry.
2024-06-06T17:29:12.097-0500 [DEBUG] [org.gradle.cache.internal.DefaultFileLockManager] Waiting to acquire shared lock on daemon addresses registry.
2024-06-06T17:29:12.098-0500 [DEBUG] [org.gradle.cache.internal.DefaultFileLockManager] Lock acquired on daemon addresses registry.
2024-06-06T17:29:12.099-0500 [DEBUG] [org.gradle.cache.internal.DefaultFileLockManager] Releasing lock on daemon addresses registry.
2024-06-06T17:29:12.100-0500 [DEBUG] [org.gradle.cache.internal.DefaultFileLockManager] Waiting to acquire shared lock on daemon addresses registry.
2024-06-06T17:29:12.100-0500 [DEBUG] [org.gradle.cache.internal.DefaultFileLockManager] Lock acquired on daemon addresses registry.
2024-06-06T17:29:12.101-0500 [DEBUG] [org.gradle.cache.internal.DefaultFileLockManager] Releasing lock on daemon addresses registry.
2024-06-06T17:29:12.101-0500 [DEBUG] [org.gradle.cache.internal.DefaultFileLockManager] Waiting to acquire shared lock on daemon addresses registry.
2024-06-06T17:29:12.101-0500 [DEBUG] [org.gradle.cache.internal.DefaultFileLockManager] Lock acquired on daemon addresses registry.
2024-06-06T17:29:12.102-0500 [DEBUG] [org.gradle.cache.internal.DefaultFileLockManager] Releasing lock on daemon addresses registry.
2024-06-06T17:29:22.097-0500 [DEBUG] [org.gradle.cache.internal.DefaultFileLockManager] Waiting to acquire shared lock on daemon addresses registry.
2024-06-06T17:29:22.097-0500 [DEBUG] [org.gradle.cache.internal.DefaultFileLockManager] Lock acquired on daemon addresses registry.
2024-06-06T17:29:22.103-0500 [DEBUG] [org.gradle.cache.internal.DefaultFileLockManager] Releasing lock on daemon addresses registry.
2024-06-06T17:29:22.103-0500 [DEBUG] [org.gradle.cache.internal.DefaultFileLockManager] Waiting to acquire shared lock on daemon addresses registry.
2024-06-06T17:29:22.103-0500 [DEBUG] [org.gradle.cache.internal.DefaultFileLockManager] Lock acquired on daemon addresses registry.
2024-06-06T17:29:22.105-0500 [DEBUG] [org.gradle.cache.internal.DefaultFileLockManager] Releasing lock on daemon addresses registry.
2024-06-06T17:29:22.105-0500 [DEBUG] [org.gradle.cache.internal.DefaultFileLockManager] Waiting to acquire shared lock on daemon addresses registry.
2024-06-06T17:29:22.105-0500 [DEBUG] [org.gradle.cache.internal.DefaultFileLockManager] Lock acquired on daemon addresses registry.
2024-06-06T17:29:22.108-0500 [DEBUG] [org.gradle.cache.internal.DefaultFileLockManager] Releasing lock on daemon addresses registry.
2024-06-06T17:29:32.098-0500 [DEBUG] [org.gradle.cache.internal.DefaultFileLockManager] Waiting to acquire shared lock on daemon addresses registry.
2024-06-06T17:29:32.101-0500 [DEBUG] [org.gradle.cache.internal.DefaultFileLockManager] Lock acquired on daemon addresses registry.
2024-06-06T17:29:32.115-0500 [DEBUG] [org.gradle.cache.internal.DefaultFileLockManager] Releasing lock on daemon addresses registry.
2024-06-06T17:29:32.116-0500 [DEBUG] [org.gradle.cache.internal.DefaultFileLockManager] Waiting to acquire shared lock on daemon addresses registry.
2024-06-06T17:29:32.116-0500 [DEBUG] [org.gradle.cache.internal.DefaultFileLockManager] Lock acquired on daemon addresses registry.
2024-06-06T17:29:32.117-0500 [DEBUG] [org.gradle.cache.internal.DefaultFileLockManager] Releasing lock on daemon addresses registry.
2024-06-06T17:29:32.118-0500 [DEBUG] [org.gradle.cache.internal.DefaultFileLockManager] Waiting to acquire shared lock on daemon addresses registry.
2024-06-06T17:29:32.118-0500 [DEBUG] [org.gradle.cache.internal.DefaultFileLockManager] Lock acquired on daemon addresses registry.
2024-06-06T17:29:32.118-0500 [DEBUG] [org.gradle.cache.internal.DefaultFileLockManager] Releasing lock on daemon addresses registry.
2024-06-06T17:29:42.096-0500 [DEBUG] [org.gradle.cache.internal.DefaultFileLockManager] Waiting to acquire shared lock on daemon addresses registry.
2024-06-06T17:29:42.098-0500 [DEBUG] [org.gradle.cache.internal.DefaultFileLockManager] Lock acquired on daemon addresses registry.
2024-06-06T17:29:42.098-0500 [DEBUG] [org.gradle.cache.internal.DefaultFileLockManager] Releasing lock on daemon addresses registry.
2024-06-06T17:29:42.100-0500 [DEBUG] [org.gradle.cache.internal.DefaultFileLockManager] Waiting to acquire shared lock on daemon addresses registry.
2024-06-06T17:29:42.100-0500 [DEBUG] [org.gradle.cache.internal.DefaultFileLockManager] Lock acquired on daemon addresses registry.
2024-06-06T17:29:42.100-0500 [DEBUG] [org.gradle.cache.internal.DefaultFileLockManager] Releasing lock on daemon addresses registry.
2024-06-06T17:29:42.101-0500 [DEBUG] [org.gradle.cache.internal.DefaultFileLockManager] Waiting to acquire shared lock on daemon addresses registry.
2024-06-06T17:29:42.101-0500 [DEBUG] [org.gradle.cache.internal.DefaultFileLockManager] Lock acquired on daemon addresses registry.
2024-06-06T17:29:42.101-0500 [DEBUG] [org.gradle.cache.internal.DefaultFileLockManager] Releasing lock on daemon addresses registry.
2024-06-06T17:29:52.097-0500 [DEBUG] [org.gradle.cache.internal.DefaultFileLockManager] Waiting to acquire shared lock on daemon addresses registry.
2024-06-06T17:29:52.099-0500 [DEBUG] [org.gradle.cache.internal.DefaultFileLockManager] Lock acquired on daemon addresses registry.
2024-06-06T17:29:52.099-0500 [DEBUG] [org.gradle.cache.internal.DefaultFileLockManager] Releasing lock on daemon addresses registry.
2024-06-06T17:29:52.100-0500 [DEBUG] [org.gradle.cache.internal.DefaultFileLockManager] Waiting to acquire shared lock on daemon addresses registry.
2024-06-06T17:29:52.101-0500 [DEBUG] [org.gradle.cache.internal.DefaultFileLockManager] Lock acquired on daemon addresses registry.
2024-06-06T17:29:52.101-0500 [DEBUG] [org.gradle.cache.internal.DefaultFileLockManager] Releasing lock on daemon addresses registry.
2024-06-06T17:29:52.101-0500 [DEBUG] [org.gradle.cache.internal.DefaultFileLockManager] Waiting to acquire shared lock on daemon addresses registry.
2024-06-06T17:29:52.102-0500 [DEBUG] [org.gradle.cache.internal.DefaultFileLockManager] Lock acquired on daemon addresses registry.
2024-06-06T17:29:52.102-0500 [DEBUG] [org.gradle.cache.internal.DefaultFileLockManager] Releasing lock on daemon addresses registry.
2024-06-06T17:30:02.096-0500 [DEBUG] [org.gradle.cache.internal.DefaultFileLockManager] Waiting to acquire shared lock on daemon addresses registry.
2024-06-06T17:30:02.097-0500 [DEBUG] [org.gradle.cache.internal.DefaultFileLockManager] Lock acquired on daemon addresses registry.
2024-06-06T17:30:02.098-0500 [DEBUG] [org.gradle.cache.internal.DefaultFileLockManager] Releasing lock on daemon addresses registry.
2024-06-06T17:30:02.099-0500 [DEBUG] [org.gradle.cache.internal.DefaultFileLockManager] Waiting to acquire shared lock on daemon addresses registry.
2024-06-06T17:30:02.099-0500 [DEBUG] [org.gradle.cache.internal.DefaultFileLockManager] Lock acquired on daemon addresses registry.
2024-06-06T17:30:02.100-0500 [DEBUG] [org.gradle.cache.internal.DefaultFileLockManager] Releasing lock on daemon addresses registry.
2024-06-06T17:30:02.101-0500 [DEBUG] [org.gradle.cache.internal.DefaultFileLockManager] Waiting to acquire shared lock on daemon addresses registry.
2024-06-06T17:30:02.101-0500 [DEBUG] [org.gradle.cache.internal.DefaultFileLockManager] Lock acquired on daemon addresses registry.
2024-06-06T17:30:02.101-0500 [DEBUG] [org.gradle.cache.internal.DefaultFileLockManager] Releasing lock on daemon addresses registry.
2024-06-06T17:30:12.100-0500 [DEBUG] [org.gradle.cache.internal.DefaultFileLockManager] Waiting to acquire shared lock on daemon addresses registry.
2024-06-06T17:30:12.101-0500 [DEBUG] [org.gradle.cache.internal.DefaultFileLockManager] Lock acquired on daemon addresses registry.
2024-06-06T17:30:12.102-0500 [DEBUG] [org.gradle.cache.internal.DefaultFileLockManager] Releasing lock on daemon addresses registry.
2024-06-06T17:30:12.106-0500 [DEBUG] [org.gradle.cache.internal.DefaultFileLockManager] Waiting to acquire shared lock on daemon addresses registry.
2024-06-06T17:30:12.106-0500 [DEBUG] [org.gradle.cache.internal.DefaultFileLockManager] Lock acquired on daemon addresses registry.
2024-06-06T17:30:12.107-0500 [DEBUG] [org.gradle.cache.internal.DefaultFileLockManager] Releasing lock on daemon addresses registry.
2024-06-06T17:30:12.107-0500 [DEBUG] [org.gradle.cache.internal.DefaultFileLockManager] Waiting to acquire shared lock on daemon addresses registry.
2024-06-06T17:30:12.107-0500 [DEBUG] [org.gradle.cache.internal.DefaultFileLockManager] Lock acquired on daemon addresses registry.
2024-06-06T17:30:12.108-0500 [DEBUG] [org.gradle.cache.internal.DefaultFileLockManager] Releasing lock on daemon addresses registry.
2024-06-06T17:30:22.096-0500 [DEBUG] [org.gradle.cache.internal.DefaultFileLockManager] Waiting to acquire shared lock on daemon addresses registry.
2024-06-06T17:30:22.096-0500 [DEBUG] [org.gradle.cache.internal.DefaultFileLockManager] Lock acquired on daemon addresses registry.
2024-06-06T17:30:22.097-0500 [DEBUG] [org.gradle.cache.internal.DefaultFileLockManager] Releasing lock on daemon addresses registry.
2024-06-06T17:30:22.098-0500 [DEBUG] [org.gradle.cache.internal.DefaultFileLockManager] Waiting to acquire shared lock on daemon addresses registry.
2024-06-06T17:30:22.098-0500 [DEBUG] [org.gradle.cache.internal.DefaultFileLockManager] Lock acquired on daemon addresses registry.
2024-06-06T17:30:22.098-0500 [DEBUG] [org.gradle.cache.internal.DefaultFileLockManager] Releasing lock on daemon addresses registry.
2024-06-06T17:30:22.099-0500 [DEBUG] [org.gradle.cache.internal.DefaultFileLockManager] Waiting to acquire shared lock on daemon addresses registry.
2024-06-06T17:30:22.099-0500 [DEBUG] [org.gradle.cache.internal.DefaultFileLockManager] Lock acquired on daemon addresses registry.
2024-06-06T17:30:22.100-0500 [DEBUG] [org.gradle.cache.internal.DefaultFileLockManager] Releasing lock on daemon addresses registry.
2024-06-06T17:30:32.097-0500 [DEBUG] [org.gradle.cache.internal.DefaultFileLockManager] Waiting to acquire shared lock on daemon addresses registry.
2024-06-06T17:30:32.097-0500 [DEBUG] [org.gradle.cache.internal.DefaultFileLockManager] Lock acquired on daemon addresses registry.
2024-06-06T17:30:32.098-0500 [DEBUG] [org.gradle.cache.internal.DefaultFileLockManager] Releasing lock on daemon addresses registry.
2024-06-06T17:30:32.099-0500 [DEBUG] [org.gradle.cache.internal.DefaultFileLockManager] Waiting to acquire shared lock on daemon addresses registry.
2024-06-06T17:30:32.100-0500 [DEBUG] [org.gradle.cache.internal.DefaultFileLockManager] Lock acquired on daemon addresses registry.
2024-06-06T17:30:32.100-0500 [DEBUG] [org.gradle.cache.internal.DefaultFileLockManager] Releasing lock on daemon addresses registry.
2024-06-06T17:30:32.101-0500 [DEBUG] [org.gradle.cache.internal.DefaultFileLockManager] Waiting to acquire shared lock on daemon addresses registry.
2024-06-06T17:30:32.101-0500 [DEBUG] [org.gradle.cache.internal.DefaultFileLockManager] Lock acquired on daemon addresses registry.
2024-06-06T17:30:32.101-0500 [DEBUG] [org.gradle.cache.internal.DefaultFileLockManager] Releasing lock on daemon addresses registry.
2024-06-06T17:30:42.095-0500 [DEBUG] [org.gradle.cache.internal.DefaultFileLockManager] Waiting to acquire shared lock on daemon addresses registry.
2024-06-06T17:30:42.108-0500 [DEBUG] [org.gradle.cache.internal.DefaultFileLockManager] Lock acquired on daemon addresses registry.
2024-06-06T17:30:42.111-0500 [DEBUG] [org.gradle.cache.internal.DefaultFileLockManager] Releasing lock on daemon addresses registry.
2024-06-06T17:30:42.111-0500 [DEBUG] [org.gradle.cache.internal.DefaultFileLockManager] Waiting to acquire shared lock on daemon addresses registry.
2024-06-06T17:30:42.112-0500 [DEBUG] [org.gradle.cache.internal.DefaultFileLockManager] Lock acquired on daemon addresses registry.
2024-06-06T17:30:42.112-0500 [DEBUG] [org.gradle.cache.internal.DefaultFileLockManager] Releasing lock on daemon addresses registry.
2024-06-06T17:30:42.112-0500 [DEBUG] [org.gradle.cache.internal.DefaultFileLockManager] Waiting to acquire shared lock on daemon addresses registry.
2024-06-06T17:30:42.112-0500 [DEBUG] [org.gradle.cache.internal.DefaultFileLockManager] Lock acquired on daemon addresses registry.
2024-06-06T17:30:42.112-0500 [DEBUG] [org.gradle.cache.internal.DefaultFileLockManager] Releasing lock on daemon addresses registry.
2024-06-06T17:30:52.098-0500 [DEBUG] [org.gradle.cache.internal.DefaultFileLockManager] Waiting to acquire shared lock on daemon addresses registry.
2024-06-06T17:30:52.101-0500 [DEBUG] [org.gradle.cache.internal.DefaultFileLockManager] Lock acquired on daemon addresses registry.
2024-06-06T17:30:52.102-0500 [DEBUG] [org.gradle.cache.internal.DefaultFileLockManager] Releasing lock on daemon addresses registry.
2024-06-06T17:30:52.103-0500 [DEBUG] [org.gradle.cache.internal.DefaultFileLockManager] Waiting to acquire shared lock on daemon addresses registry.
2024-06-06T17:30:52.103-0500 [DEBUG] [org.gradle.cache.internal.DefaultFileLockManager] Lock acquired on daemon addresses registry.
2024-06-06T17:30:52.104-0500 [DEBUG] [org.gradle.cache.internal.DefaultFileLockManager] Releasing lock on daemon addresses registry.
2024-06-06T17:30:52.104-0500 [DEBUG] [org.gradle.cache.internal.DefaultFileLockManager] Waiting to acquire shared lock on daemon addresses registry.
2024-06-06T17:30:52.104-0500 [DEBUG] [org.gradle.cache.internal.DefaultFileLockManager] Lock acquired on daemon addresses registry.
2024-06-06T17:30:52.104-0500 [DEBUG] [org.gradle.cache.internal.DefaultFileLockManager] Releasing lock on daemon addresses registry.
2024-06-06T17:31:02.097-0500 [DEBUG] [org.gradle.cache.internal.DefaultFileLockManager] Waiting to acquire shared lock on daemon addresses registry.
2024-06-06T17:31:02.099-0500 [DEBUG] [org.gradle.cache.internal.DefaultFileLockManager] Lock acquired on daemon addresses registry.
2024-06-06T17:31:02.100-0500 [DEBUG] [org.gradle.cache.internal.DefaultFileLockManager] Releasing lock on daemon addresses registry.
2024-06-06T17:31:02.101-0500 [DEBUG] [org.gradle.cache.internal.DefaultFileLockManager] Waiting to acquire shared lock on daemon addresses registry.
2024-06-06T17:31:02.102-0500 [DEBUG] [org.gradle.cache.internal.DefaultFileLockManager] Lock acquired on daemon addresses registry.
2024-06-06T17:31:02.102-0500 [DEBUG] [org.gradle.cache.internal.DefaultFileLockManager] Releasing lock on daemon addresses registry.
2024-06-06T17:31:02.102-0500 [DEBUG] [org.gradle.cache.internal.DefaultFileLockManager] Waiting to acquire shared lock on daemon addresses registry.
2024-06-06T17:31:02.102-0500 [DEBUG] [org.gradle.cache.internal.DefaultFileLockManager] Lock acquired on daemon addresses registry.
2024-06-06T17:31:02.102-0500 [DEBUG] [org.gradle.cache.internal.DefaultFileLockManager] Releasing lock on daemon addresses registry.
2024-06-06T17:31:12.098-0500 [DEBUG] [org.gradle.cache.internal.DefaultFileLockManager] Waiting to acquire shared lock on daemon addresses registry.
2024-06-06T17:31:12.099-0500 [DEBUG] [org.gradle.cache.internal.DefaultFileLockManager] Lock acquired on daemon addresses registry.
2024-06-06T17:31:12.100-0500 [DEBUG] [org.gradle.cache.internal.DefaultFileLockManager] Releasing lock on daemon addresses registry.
2024-06-06T17:31:12.101-0500 [DEBUG] [org.gradle.cache.internal.DefaultFileLockManager] Waiting to acquire shared lock on daemon addresses registry.
2024-06-06T17:31:12.101-0500 [DEBUG] [org.gradle.cache.internal.DefaultFileLockManager] Lock acquired on daemon addresses registry.
2024-06-06T17:31:12.102-0500 [DEBUG] [org.gradle.cache.internal.DefaultFileLockManager] Releasing lock on daemon addresses registry.
2024-06-06T17:31:12.102-0500 [DEBUG] [org.gradle.cache.internal.DefaultFileLockManager] Waiting to acquire shared lock on daemon addresses registry.
2024-06-06T17:31:12.102-0500 [DEBUG] [org.gradle.cache.internal.DefaultFileLockManager] Lock acquired on daemon addresses registry.
2024-06-06T17:31:12.103-0500 [DEBUG] [org.gradle.cache.internal.DefaultFileLockManager] Releasing lock on daemon addresses registry.
2024-06-06T17:31:19.903-0500 [DEBUG] [org.gradle.internal.watch.vfs.impl.WatchingVirtualFileSystem] Handling VFS change MODIFIED /Users/victoriamarin/Downloads/proyecto 5/Library/Bee/Android/Prj/Mono2x/Gradle/unityLibrary/xrmanifest.androidlib/AndroidManifest.xml
2024-06-06T17:31:19.910-0500 [DEBUG] [org.gradle.internal.watch.vfs.impl.WatchingVirtualFileSystem] Handling VFS change MODIFIED /Users/victoriamarin/Downloads/proyecto 5/Library/Bee/Android/Prj/Mono2x/Gradle/unityLibrary/proguard-unity.txt
2024-06-06T17:31:19.910-0500 [DEBUG] [org.gradle.internal.watch.vfs.impl.WatchingVirtualFileSystem] Handling VFS change MODIFIED /Users/victoriamarin/Downloads/proyecto 5/Library/Bee/Android/Prj/Mono2x/Gradle/unityLibrary/src/main/AndroidManifest.xml
2024-06-06T17:31:20.873-0500 [DEBUG] [org.gradle.internal.remote.internal.inet.TcpIncomingConnector] Accepted connection from /127.0.0.1:52737 to /127.0.0.1:51633.
2024-06-06T17:31:20.892-0500 [DEBUG] [org.gradle.launcher.daemon.server.SynchronizedDispatchConnection] thread 954: received class org.gradle.launcher.daemon.protocol.Build
2024-06-06T17:31:20.892-0500 [DEBUG] [org.gradle.launcher.daemon.server.DefaultDaemonConnection] thread 954: Received non-IO message from client: Build{id=160bc91c-66a3-4d8b-9eec-d405b216998a, currentDir=/Users/victoriamarin/Downloads/proyecto 5/Library/Bee/Android/Prj/Mono2x/Gradle/launcher}
2024-06-06T17:31:20.893-0500 [INFO] [org.gradle.launcher.daemon.server.DefaultIncomingConnectionHandler] Received command: Build{id=160bc91c-66a3-4d8b-9eec-d405b216998a, currentDir=/Users/victoriamarin/Downloads/proyecto 5/Library/Bee/Android/Prj/Mono2x/Gradle/launcher}.
2024-06-06T17:31:20.893-0500 [DEBUG] [org.gradle.launcher.daemon.server.DefaultIncomingConnectionHandler] Starting executing command: Build{id=160bc91c-66a3-4d8b-9eec-d405b216998a, currentDir=/Users/victoriamarin/Downloads/proyecto 5/Library/Bee/Android/Prj/Mono2x/Gradle/launcher} with connection: socket connection from /127.0.0.1:51633 to /127.0.0.1:52737.
2024-06-06T17:31:20.894-0500 [DEBUG] [org.gradle.launcher.daemon.server.DaemonStateCoordinator] Command execution: started DaemonCommandExecution[command = Build{id=160bc91c-66a3-4d8b-9eec-d405b216998a, currentDir=/Users/victoriamarin/Downloads/proyecto 5/Library/Bee/Android/Prj/Mono2x/Gradle/launcher}, connection = DefaultDaemonConnection: socket connection from /127.0.0.1:51633 to /127.0.0.1:52737] after 2.0 minutes of idle
2024-06-06T17:31:20.894-0500 [INFO] [org.gradle.launcher.daemon.server.DaemonRegistryUpdater] Marking the daemon as busy, address: [b05bccea-4b99-43d7-aa15-fac7a48638b2 port:51633, addresses:[localhost/127.0.0.1]]
2024-06-06T17:31:20.895-0500 [DEBUG] [org.gradle.launcher.daemon.registry.PersistentDaemonRegistry] Marking busy by address: [b05bccea-4b99-43d7-aa15-fac7a48638b2 port:51633, addresses:[localhost/127.0.0.1]]
2024-06-06T17:31:20.895-0500 [DEBUG] [org.gradle.cache.internal.DefaultFileLockManager] Waiting to acquire exclusive lock on daemon addresses registry.
2024-06-06T17:31:20.895-0500 [DEBUG] [org.gradle.cache.internal.DefaultFileLockManager] Lock acquired on daemon addresses registry.
2024-06-06T17:31:20.896-0500 [DEBUG] [org.gradle.cache.internal.DefaultFileLockManager] Releasing lock on daemon addresses registry.
2024-06-06T17:31:20.896-0500 [DEBUG] [org.gradle.launcher.daemon.server.DaemonStateCoordinator] resetting idle timer
2024-06-06T17:31:20.897-0500 [DEBUG] [org.gradle.launcher.daemon.server.DaemonStateCoordinator] daemon is running. Sleeping until state changes.
2024-06-06T17:31:20.897-0500 [INFO] [org.gradle.launcher.daemon.server.exec.StartBuildOrRespondWithBusy] Daemon is about to start building Build{id=160bc91c-66a3-4d8b-9eec-d405b216998a, currentDir=/Users/victoriamarin/Downloads/proyecto 5/Library/Bee/Android/Prj/Mono2x/Gradle/launcher}. Dispatching build started information...
2024-06-06T17:31:20.897-0500 [DEBUG] [org.gradle.launcher.daemon.server.SynchronizedDispatchConnection] thread 956: dispatching org.gradle.launcher.daemon.protocol.BuildStarted@1034a0fa
2024-06-06T17:31:20.904-0500 [DEBUG] [org.gradle.launcher.daemon.server.exec.EstablishBuildEnvironment] Configuring env variables: [PATH, AMPLITUDE_TOKEN_YELLOWBUCKET_DEV, AMPLITUDE_TOKEN_YELLOWBUCKET_PROD, MallocNanoZone, SENTRY_ACCESS_TOKEN, JAVA_HOME, AMPLITUDE_API_KEY_YELLOWBUCKET_DEV, AMPLITUDE_TOKEN_GREENBUCKET_DEV, AMPLITUDE_TOKEN_REDBUCKET_PROD, WOOTRIC_CLIENT_TOKEN, COMMAND_MODE, AMPLITUDE_API_KEY_YELLOWBUCKET_PROD, JAVA_TOOL_OPTIONS, AMPLITUDE_API_KEY_GREENBUCKET_PROD, AMPLITUDE_TOKEN_GREENBUCKET_PROD, AMPLITUDE_API_KEY_REDBUCKET_DEV, LOGNAME, XPC_SERVICE_NAME, AMPLITUDE_API_KEY_GREENBUCKET_DEV, __CFBundleIdentifier, SHELL, JAVA_MAIN_CLASS_20469, AMPLITUDE_TOKEN_REDBUCKET_DEV, ANDROID_NDK_ROOT, DEBUG_ENV_VAR, USER, TMPDIR, ORIGINAL_XDG_CURRENT_DESKTOP, AMPLITUDE_API_KEY, SSH_AUTH_SOCK, AMPLITUDE_API_KEY_STAGING, XPC_FLAGS, AMPLITUDE_API_KEY_REDBUCKET_PROD, __CF_USER_TEXT_ENCODING, AMPLITUDE_DEPLOYMENT_KEY_RED_BUCKET_PROD, AMPLITUDE_DEPLOYMENT_KEY_RED_BUCKET_DEV, HOME]
2024-06-06T17:31:20.907-0500 [DEBUG] [org.gradle.launcher.daemon.server.exec.LogToClient] About to start relaying all logs to the client via the connection.
2024-06-06T17:31:20.908-0500 [INFO] [org.gradle.launcher.daemon.server.exec.LogToClient] The client will now receive all logging from the daemon (pid: 19198). The daemon log file: /Users/victoriamarin/.gradle/daemon/7.2/daemon-19198.out.log
2024-06-06T17:31:20.911-0500 [INFO] [org.gradle.launcher.daemon.server.exec.LogAndCheckHealth] Starting 8th build in daemon [uptime: 23 mins 49.019 secs, performance: 100%]
2024-06-06T17:31:20.912-0500 [DEBUG] [org.gradle.launcher.daemon.server.exec.ExecuteBuild] The daemon has started executing the build.
2024-06-06T17:31:20.913-0500 [DEBUG] [org.gradle.launcher.daemon.server.exec.ExecuteBuild] Executing build with daemon context: DefaultDaemonContext[uid=bf65fa1e-52e8-4b56-a871-74da22f3df88,javaHome=/Applications/Unity/Hub/Editor/2022.3.22f1/PlaybackEngines/AndroidPlayer/OpenJDK,daemonRegistryDir=/Users/victoriamarin/.gradle/daemon,pid=19198,idleTimeout=10800000,priority=NORMAL,daemonOpts=--add-opens,java.base/java.util=ALL-UNNAMED,--add-opens,java.base/java.lang=ALL-UNNAMED,--add-opens,java.base/java.lang.invoke=ALL-UNNAMED,--add-opens,java.base/java.util=ALL-UNNAMED,--add-opens,java.prefs/java.util.prefs=ALL-UNNAMED,--add-opens,java.prefs/java.util.prefs=ALL-UNNAMED,--add-opens,java.base/java.nio.charset=ALL-UNNAMED,--add-opens,java.base/java.net=ALL-UNNAMED,--add-opens,java.base/java.util.concurrent.atomic=ALL-UNNAMED,-Xmx4096m,-Dfile.encoding=UTF-8,-Duser.country=MX,-Duser.language=en,-Duser.variant]

BUILD SUCCESSFUL in 3s
100 actionable tasks: 5 executed, 95 up-to-date
2024-06-06T17:31:23.204-0500 [DEBUG] [org.gradle.launcher.daemon.server.exec.ExecuteBuild] The daemon has finished executing the build.
2024-06-06T17:31:23.217-0500 [DEBUG] [org.gradle.launcher.daemon.server.DaemonStateCoordinator] daemon is running. Sleeping until state changes.
2024-06-06T17:31:23.217-0500 [DEBUG] [org.gradle.launcher.daemon.server.DaemonStateCoordinator] Command execution: finished waiting for DaemonCommandExecution[command = Build{id=160bc91c-66a3-4d8b-9eec-d405b216998a, currentDir=/Users/victoriamarin/Downloads/proyecto 5/Library/Bee/Android/Prj/Mono2x/Gradle/launcher}, connection = DefaultDaemonConnection: socket connection from /127.0.0.1:51633 to /127.0.0.1:52737]. Result org.gradle.launcher.daemon.server.DaemonStateCoordinator@6f95e280 with state Busy
2024-06-06T17:31:23.217-0500 [DEBUG] [org.gradle.launcher.daemon.server.DaemonStateCoordinator] Command execution: completed DaemonCommandExecution[command = Build{id=160bc91c-66a3-4d8b-9eec-d405b216998a, currentDir=/Users/victoriamarin/Downloads/proyecto 5/Library/Bee/Android/Prj/Mono2x/Gradle/launcher}, connection = DefaultDaemonConnection: socket connection from /127.0.0.1:51633 to /127.0.0.1:52737]
2024-06-06T17:31:23.217-0500 [DEBUG] [org.gradle.launcher.daemon.server.DaemonStateCoordinator] resetting idle timer
2024-06-06T17:31:23.217-0500 [INFO] [org.gradle.launcher.daemon.server.DaemonRegistryUpdater] Marking the daemon as idle, address: [b05bccea-4b99-43d7-aa15-fac7a48638b2 port:51633, addresses:[localhost/127.0.0.1]]
2024-06-06T17:31:23.217-0500 [DEBUG] [org.gradle.launcher.daemon.registry.PersistentDaemonRegistry] Marking busy by address: [b05bccea-4b99-43d7-aa15-fac7a48638b2 port:51633, addresses:[localhost/127.0.0.1]]
2024-06-06T17:31:23.217-0500 [DEBUG] [org.gradle.cache.internal.DefaultFileLockManager] Waiting to acquire exclusive lock on daemon addresses registry.
2024-06-06T17:31:23.218-0500 [DEBUG] [org.gradle.cache.internal.DefaultFileLockManager] Lock acquired on daemon addresses registry.
2024-06-06T17:31:23.218-0500 [DEBUG] [org.gradle.cache.internal.DefaultFileLockManager] Releasing lock on daemon addresses registry.
2024-06-06T17:31:23.218-0500 [DEBUG] [org.gradle.launcher.daemon.server.exec.ReturnResult] Daemon is dispatching the build result: Success[value=org.gradle.launcher.exec.BuildActionResult@1df774b2]
2024-06-06T17:31:23.218-0500 [DEBUG] [org.gradle.launcher.daemon.server.DaemonStateCoordinator] daemon is running. Sleeping until state changes.
2024-06-06T17:31:23.218-0500 [DEBUG] [org.gradle.launcher.daemon.server.SynchronizedDispatchConnection] thread 953: dispatching Success[value=org.gradle.launcher.exec.BuildActionResult@1df774b2]
2024-06-06T17:31:23.218-0500 [DEBUG] [org.gradle.launcher.daemon.server.DefaultIncomingConnectionHandler] Finishing executing command: Build{id=160bc91c-66a3-4d8b-9eec-d405b216998a, currentDir=/Users/victoriamarin/Downloads/proyecto 5/Library/Bee/Android/Prj/Mono2x/Gradle/launcher}
2024-06-06T17:31:23.219-0500 [DEBUG] [org.gradle.launcher.daemon.server.SynchronizedDispatchConnection] thread 954: received class org.gradle.launcher.daemon.protocol.CloseInput
2024-06-06T17:31:23.220-0500 [DEBUG] [org.gradle.launcher.daemon.server.DefaultDaemonConnection] thread 954: Received IO message from client: org.gradle.launcher.daemon.protocol.CloseInput@2a4e3613
2024-06-06T17:31:23.220-0500 [DEBUG] [org.gradle.launcher.daemon.server.SynchronizedDispatchConnection] thread 954: received class org.gradle.launcher.daemon.protocol.Finished
2024-06-06T17:31:23.220-0500 [DEBUG] [org.gradle.launcher.daemon.server.DefaultDaemonConnection] thread 954: Received non-IO message from client: org.gradle.launcher.daemon.protocol.Finished@2489cd2a
2024-06-06T17:31:23.220-0500 [DEBUG] [org.gradle.launcher.daemon.server.DefaultIncomingConnectionHandler] Received finished message: org.gradle.launcher.daemon.protocol.Finished@2489cd2a
2024-06-06T17:31:23.220-0500 [DEBUG] [org.gradle.launcher.daemon.server.SynchronizedDispatchConnection] thread 953: stopping connection
2024-06-06T17:31:23.221-0500 [DEBUG] [org.gradle.internal.remote.internal.inet.SocketConnection] Discarding EOFException: java.io.EOFException
2024-06-06T17:31:23.221-0500 [DEBUG] [org.gradle.launcher.daemon.server.SynchronizedDispatchConnection] thread 954: received null
2024-06-06T17:31:23.221-0500 [DEBUG] [org.gradle.launcher.daemon.server.DefaultDaemonConnection] thread 954: Received end-of-input from client.
2024-06-06T17:31:23.221-0500 [DEBUG] [org.gradle.launcher.daemon.server.SynchronizedDispatchConnection] thread 953: stopping connection
2024-06-06T17:31:32.100-0500 [DEBUG] [org.gradle.cache.internal.DefaultFileLockManager] Waiting to acquire shared lock on daemon addresses registry.
2024-06-06T17:31:32.102-0500 [DEBUG] [org.gradle.cache.internal.DefaultFileLockManager] Lock acquired on daemon addresses registry.
2024-06-06T17:31:32.105-0500 [DEBUG] [org.gradle.cache.internal.DefaultFileLockManager] Releasing lock on daemon addresses registry.
2024-06-06T17:31:32.106-0500 [DEBUG] [org.gradle.cache.internal.DefaultFileLockManager] Waiting to acquire shared lock on daemon addresses registry.
2024-06-06T17:31:32.106-0500 [DEBUG] [org.gradle.cache.internal.DefaultFileLockManager] Lock acquired on daemon addresses registry.
2024-06-06T17:31:32.107-0500 [DEBUG] [org.gradle.cache.internal.DefaultFileLockManager] Releasing lock on daemon addresses registry.
2024-06-06T17:31:42.097-0500 [DEBUG] [org.gradle.cache.internal.DefaultFileLockManager] Waiting to acquire shared lock on daemon addresses registry.
2024-06-06T17:31:42.097-0500 [DEBUG] [org.gradle.cache.internal.DefaultFileLockManager] Lock acquired on daemon addresses registry.
2024-06-06T17:31:42.097-0500 [DEBUG] [org.gradle.cache.internal.DefaultFileLockManager] Releasing lock on daemon addresses registry.
2024-06-06T17:31:42.098-0500 [DEBUG] [org.gradle.cache.internal.DefaultFileLockManager] Waiting to acquire shared lock on daemon addresses registry.
2024-06-06T17:31:42.098-0500 [DEBUG] [org.gradle.cache.internal.DefaultFileLockManager] Lock acquired on daemon addresses registry.
2024-06-06T17:31:42.098-0500 [DEBUG] [org.gradle.cache.internal.DefaultFileLockManager] Releasing lock on daemon addresses registry.
2024-06-06T17:31:42.098-0500 [DEBUG] [org.gradle.cache.internal.DefaultFileLockManager] Waiting to acquire shared lock on daemon addresses registry.
2024-06-06T17:31:42.098-0500 [DEBUG] [org.gradle.cache.internal.DefaultFileLockManager] Lock acquired on daemon addresses registry.
2024-06-06T17:31:42.101-0500 [DEBUG] [org.gradle.cache.internal.DefaultFileLockManager] Releasing lock on daemon addresses registry.
2024-06-06T17:31:52.097-0500 [DEBUG] [org.gradle.cache.internal.DefaultFileLockManager] Waiting to acquire shared lock on daemon addresses registry.
2024-06-06T17:31:52.098-0500 [DEBUG] [org.gradle.cache.internal.DefaultFileLockManager] Lock acquired on daemon addresses registry.
2024-06-06T17:31:52.099-0500 [DEBUG] [org.gradle.cache.internal.DefaultFileLockManager] Releasing lock on daemon addresses registry.
2024-06-06T17:31:52.100-0500 [DEBUG] [org.gradle.cache.internal.DefaultFileLockManager] Waiting to acquire shared lock on daemon addresses registry.
2024-06-06T17:31:52.100-0500 [DEBUG] [org.gradle.cache.internal.DefaultFileLockManager] Lock acquired on daemon addresses registry.
2024-06-06T17:31:52.100-0500 [DEBUG] [org.gradle.cache.internal.DefaultFileLockManager] Releasing lock on daemon addresses registry.
2024-06-06T17:31:52.101-0500 [DEBUG] [org.gradle.cache.internal.DefaultFileLockManager] Waiting to acquire shared lock on daemon addresses registry.
2024-06-06T17:31:52.101-0500 [DEBUG] [org.gradle.cache.internal.DefaultFileLockManager] Lock acquired on daemon addresses registry.
2024-06-06T17:31:52.101-0500 [DEBUG] [org.gradle.cache.internal.DefaultFileLockManager] Releasing lock on daemon addresses registry.
2024-06-06T17:32:02.097-0500 [DEBUG] [org.gradle.cache.internal.DefaultFileLockManager] Waiting to acquire shared lock on daemon addresses registry.
2024-06-06T17:32:02.098-0500 [DEBUG] [org.gradle.cache.internal.DefaultFileLockManager] Lock acquired on daemon addresses registry.
2024-06-06T17:32:02.098-0500 [DEBUG] [org.gradle.cache.internal.DefaultFileLockManager] Releasing lock on daemon addresses registry.
2024-06-06T17:32:02.099-0500 [DEBUG] [org.gradle.cache.internal.DefaultFileLockManager] Waiting to acquire shared lock on daemon addresses registry.
2024-06-06T17:32:02.099-0500 [DEBUG] [org.gradle.cache.internal.DefaultFileLockManager] Lock acquired on daemon addresses registry.
2024-06-06T17:32:02.099-0500 [DEBUG] [org.gradle.cache.internal.DefaultFileLockManager] Releasing lock on daemon addresses registry.
2024-06-06T17:32:02.099-0500 [DEBUG] [org.gradle.cache.internal.DefaultFileLockManager] Waiting to acquire shared lock on daemon addresses registry.
2024-06-06T17:32:02.099-0500 [DEBUG] [org.gradle.cache.internal.DefaultFileLockManager] Lock acquired on daemon addresses registry.
2024-06-06T17:32:02.100-0500 [DEBUG] [org.gradle.cache.internal.DefaultFileLockManager] Releasing lock on daemon addresses registry.
2024-06-06T17:32:12.098-0500 [DEBUG] [org.gradle.cache.internal.DefaultFileLockManager] Waiting to acquire shared lock on daemon addresses registry.
2024-06-06T17:32:12.102-0500 [DEBUG] [org.gradle.cache.internal.DefaultFileLockManager] Lock acquired on daemon addresses registry.
2024-06-06T17:32:12.102-0500 [DEBUG] [org.gradle.cache.internal.DefaultFileLockManager] Releasing lock on daemon addresses registry.
2024-06-06T17:32:12.103-0500 [DEBUG] [org.gradle.cache.internal.DefaultFileLockManager] Waiting to acquire shared lock on daemon addresses registry.
2024-06-06T17:32:12.103-0500 [DEBUG] [org.gradle.cache.internal.DefaultFileLockManager] Lock acquired on daemon addresses registry.
2024-06-06T17:32:12.103-0500 [DEBUG] [org.gradle.cache.internal.DefaultFileLockManager] Releasing lock on daemon addresses registry.
2024-06-06T17:32:12.103-0500 [DEBUG] [org.gradle.cache.internal.DefaultFileLockManager] Waiting to acquire shared lock on daemon addresses registry.
2024-06-06T17:32:12.103-0500 [DEBUG] [org.gradle.cache.internal.DefaultFileLockManager] Lock acquired on daemon addresses registry.
2024-06-06T17:32:12.104-0500 [DEBUG] [org.gradle.cache.internal.DefaultFileLockManager] Releasing lock on daemon addresses registry.
2024-06-06T17:32:22.097-0500 [DEBUG] [org.gradle.cache.internal.DefaultFileLockManager] Waiting to acquire shared lock on daemon addresses registry.
2024-06-06T17:32:22.101-0500 [DEBUG] [org.gradle.cache.internal.DefaultFileLockManager] Lock acquired on daemon addresses registry.
2024-06-06T17:32:22.102-0500 [DEBUG] [org.gradle.cache.internal.DefaultFileLockManager] Releasing lock on daemon addresses registry.
2024-06-06T17:32:22.103-0500 [DEBUG] [org.gradle.cache.internal.DefaultFileLockManager] Waiting to acquire shared lock on daemon addresses registry.
2024-06-06T17:32:22.103-0500 [DEBUG] [org.gradle.cache.internal.DefaultFileLockManager] Lock acquired on daemon addresses registry.
2024-06-06T17:32:22.103-0500 [DEBUG] [org.gradle.cache.internal.DefaultFileLockManager] Releasing lock on daemon addresses registry.
2024-06-06T17:32:22.103-0500 [DEBUG] [org.gradle.cache.internal.DefaultFileLockManager] Waiting to acquire shared lock on daemon addresses registry.
2024-06-06T17:32:22.103-0500 [DEBUG] [org.gradle.cache.internal.DefaultFileLockManager] Lock acquired on daemon addresses registry.
2024-06-06T17:32:22.103-0500 [DEBUG] [org.gradle.cache.internal.DefaultFileLockManager] Releasing lock on daemon addresses registry.
2024-06-06T17:32:22.316-0500 [DEBUG] [org.gradle.internal.watch.vfs.impl.WatchingVirtualFileSystem] Handling VFS change MODIFIED /Users/victoriamarin/Downloads/proyecto 5/Library/Bee/Android/Prj/Mono2x/Gradle/launcher/src/main/res/values/strings.xml
2024-06-06T17:32:22.318-0500 [DEBUG] [org.gradle.internal.watch.vfs.impl.WatchingVirtualFileSystem] Handling VFS change REMOVED /Users/victoriamarin/Downloads/proyecto 5/Library/Bee/Android/Prj/Mono2x/Gradle/unityLibrary/src/main/assets/bin/Data/data.unity3d
2024-06-06T17:32:22.335-0500 [DEBUG] [org.gradle.internal.watch.vfs.impl.WatchingVirtualFileSystem] Handling VFS change REMOVED /Users/victoriamarin/Downloads/proyecto 5/Library/Bee/Android/Prj/Mono2x/Gradle/unityLibrary/src/main/assets/bin/Data/boot.config
2024-06-06T17:32:22.336-0500 [DEBUG] [org.gradle.internal.watch.vfs.impl.WatchingVirtualFileSystem] Handling VFS change REMOVED /Users/victoriamarin/Downloads/proyecto 5/Library/Bee/Android/Prj/Mono2x/Gradle/unityLibrary/src/main/assets/bin/Data/unity_app_guid
2024-06-06T17:32:22.403-0500 [DEBUG] [org.gradle.internal.watch.vfs.impl.WatchingVirtualFileSystem] Handling VFS change MODIFIED /Users/victoriamarin/Downloads/proyecto 5/Library/Bee/Android/Prj/Mono2x/Gradle/unityLibrary/xrmanifest.androidlib/AndroidManifest.xml
2024-06-06T17:32:22.403-0500 [DEBUG] [org.gradle.internal.watch.vfs.impl.WatchingVirtualFileSystem] Handling VFS change MODIFIED /Users/victoriamarin/Downloads/proyecto 5/Library/Bee/Android/Prj/Mono2x/Gradle/unityLibrary/proguard-unity.txt
2024-06-06T17:32:22.403-0500 [DEBUG] [org.gradle.internal.watch.vfs.impl.WatchingVirtualFileSystem] Handling VFS change MODIFIED /Users/victoriamarin/Downloads/proyecto 5/Library/Bee/Android/Prj/Mono2x/Gradle/unityLibrary/src/main/AndroidManifest.xml
2024-06-06T17:32:23.358-0500 [DEBUG] [org.gradle.internal.remote.internal.inet.TcpIncomingConnector] Accepted connection from /127.0.0.1:52778 to /127.0.0.1:51633.
2024-06-06T17:32:23.369-0500 [DEBUG] [org.gradle.launcher.daemon.server.SynchronizedDispatchConnection] thread 1057: received class org.gradle.launcher.daemon.protocol.Build
2024-06-06T17:32:23.369-0500 [DEBUG] [org.gradle.launcher.daemon.server.DefaultDaemonConnection] thread 1057: Received non-IO message from client: Build{id=e980ce15-1093-414f-be4e-d4f8e410f7f7, currentDir=/Users/victoriamarin/Downloads/proyecto 5/Library/Bee/Android/Prj/Mono2x/Gradle/launcher}
2024-06-06T17:32:23.369-0500 [INFO] [org.gradle.launcher.daemon.server.DefaultIncomingConnectionHandler] Received command: Build{id=e980ce15-1093-414f-be4e-d4f8e410f7f7, currentDir=/Users/victoriamarin/Downloads/proyecto 5/Library/Bee/Android/Prj/Mono2x/Gradle/launcher}.
2024-06-06T17:32:23.369-0500 [DEBUG] [org.gradle.launcher.daemon.server.DefaultIncomingConnectionHandler] Starting executing command: Build{id=e980ce15-1093-414f-be4e-d4f8e410f7f7, currentDir=/Users/victoriamarin/Downloads/proyecto 5/Library/Bee/Android/Prj/Mono2x/Gradle/launcher} with connection: socket connection from /127.0.0.1:51633 to /127.0.0.1:52778.
2024-06-06T17:32:23.370-0500 [DEBUG] [org.gradle.launcher.daemon.server.DaemonStateCoordinator] Command execution: started DaemonCommandExecution[command = Build{id=e980ce15-1093-414f-be4e-d4f8e410f7f7, currentDir=/Users/victoriamarin/Downloads/proyecto 5/Library/Bee/Android/Prj/Mono2x/Gradle/launcher}, connection = DefaultDaemonConnection: socket connection from /127.0.0.1:51633 to /127.0.0.1:52778] after 1.0 minutes of idle
2024-06-06T17:32:23.370-0500 [INFO] [org.gradle.launcher.daemon.server.DaemonRegistryUpdater] Marking the daemon as busy, address: [b05bccea-4b99-43d7-aa15-fac7a48638b2 port:51633, addresses:[localhost/127.0.0.1]]
2024-06-06T17:32:23.370-0500 [DEBUG] [org.gradle.launcher.daemon.registry.PersistentDaemonRegistry] Marking busy by address: [b05bccea-4b99-43d7-aa15-fac7a48638b2 port:51633, addresses:[localhost/127.0.0.1]]
2024-06-06T17:32:23.370-0500 [DEBUG] [org.gradle.cache.internal.DefaultFileLockManager] Waiting to acquire exclusive lock on daemon addresses registry.
2024-06-06T17:32:23.371-0500 [DEBUG] [org.gradle.cache.internal.DefaultFileLockManager] Lock acquired on daemon addresses registry.
2024-06-06T17:32:23.371-0500 [DEBUG] [org.gradle.cache.internal.DefaultFileLockManager] Releasing lock on daemon addresses registry.
2024-06-06T17:32:23.372-0500 [DEBUG] [org.gradle.launcher.daemon.server.DaemonStateCoordinator] resetting idle timer
2024-06-06T17:32:23.372-0500 [DEBUG] [org.gradle.launcher.daemon.server.DaemonStateCoordinator] daemon is running. Sleeping until state changes.
2024-06-06T17:32:23.372-0500 [INFO] [org.gradle.launcher.daemon.server.exec.StartBuildOrRespondWithBusy] Daemon is about to start building Build{id=e980ce15-1093-414f-be4e-d4f8e410f7f7, currentDir=/Users/victoriamarin/Downloads/proyecto 5/Library/Bee/Android/Prj/Mono2x/Gradle/launcher}. Dispatching build started information...
2024-06-06T17:32:23.372-0500 [DEBUG] [org.gradle.launcher.daemon.server.SynchronizedDispatchConnection] thread 1059: dispatching org.gradle.launcher.daemon.protocol.BuildStarted@72767ebd
2024-06-06T17:32:23.373-0500 [DEBUG] [org.gradle.launcher.daemon.server.exec.EstablishBuildEnvironment] Configuring env variables: [PATH, AMPLITUDE_TOKEN_YELLOWBUCKET_DEV, AMPLITUDE_TOKEN_YELLOWBUCKET_PROD, MallocNanoZone, SENTRY_ACCESS_TOKEN, JAVA_HOME, AMPLITUDE_API_KEY_YELLOWBUCKET_DEV, AMPLITUDE_TOKEN_GREENBUCKET_DEV, AMPLITUDE_TOKEN_REDBUCKET_PROD, WOOTRIC_CLIENT_TOKEN, COMMAND_MODE, AMPLITUDE_API_KEY_YELLOWBUCKET_PROD, JAVA_TOOL_OPTIONS, AMPLITUDE_API_KEY_GREENBUCKET_PROD, AMPLITUDE_TOKEN_GREENBUCKET_PROD, AMPLITUDE_API_KEY_REDBUCKET_DEV, LOGNAME, XPC_SERVICE_NAME, AMPLITUDE_API_KEY_GREENBUCKET_DEV, __CFBundleIdentifier, SHELL, JAVA_MAIN_CLASS_20525, AMPLITUDE_TOKEN_REDBUCKET_DEV, ANDROID_NDK_ROOT, DEBUG_ENV_VAR, USER, TMPDIR, ORIGINAL_XDG_CURRENT_DESKTOP, AMPLITUDE_API_KEY, SSH_AUTH_SOCK, AMPLITUDE_API_KEY_STAGING, XPC_FLAGS, AMPLITUDE_API_KEY_REDBUCKET_PROD, __CF_USER_TEXT_ENCODING, AMPLITUDE_DEPLOYMENT_KEY_RED_BUCKET_PROD, AMPLITUDE_DEPLOYMENT_KEY_RED_BUCKET_DEV, HOME]
2024-06-06T17:32:23.374-0500 [DEBUG] [org.gradle.launcher.daemon.server.exec.LogToClient] About to start relaying all logs to the client via the connection.
2024-06-06T17:32:23.374-0500 [INFO] [org.gradle.launcher.daemon.server.exec.LogToClient] The client will now receive all logging from the daemon (pid: 19198). The daemon log file: /Users/victoriamarin/.gradle/daemon/7.2/daemon-19198.out.log
2024-06-06T17:32:23.375-0500 [INFO] [org.gradle.launcher.daemon.server.exec.LogAndCheckHealth] Starting 9th build in daemon [uptime: 24 mins 51.483 secs, performance: 100%]
2024-06-06T17:32:23.375-0500 [DEBUG] [org.gradle.launcher.daemon.server.exec.ExecuteBuild] The daemon has started executing the build.
2024-06-06T17:32:23.376-0500 [DEBUG] [org.gradle.launcher.daemon.server.exec.ExecuteBuild] Executing build with daemon context: DefaultDaemonContext[uid=bf65fa1e-52e8-4b56-a871-74da22f3df88,javaHome=/Applications/Unity/Hub/Editor/2022.3.22f1/PlaybackEngines/AndroidPlayer/OpenJDK,daemonRegistryDir=/Users/victoriamarin/.gradle/daemon,pid=19198,idleTimeout=10800000,priority=NORMAL,daemonOpts=--add-opens,java.base/java.util=ALL-UNNAMED,--add-opens,java.base/java.lang=ALL-UNNAMED,--add-opens,java.base/java.lang.invoke=ALL-UNNAMED,--add-opens,java.base/java.util=ALL-UNNAMED,--add-opens,java.prefs/java.util.prefs=ALL-UNNAMED,--add-opens,java.prefs/java.util.prefs=ALL-UNNAMED,--add-opens,java.base/java.nio.charset=ALL-UNNAMED,--add-opens,java.base/java.net=ALL-UNNAMED,--add-opens,java.base/java.util.concurrent.atomic=ALL-UNNAMED,-Xmx4096m,-Dfile.encoding=UTF-8,-Duser.country=MX,-Duser.language=en,-Duser.variant]
PackagingOptions.jniLibs.useLegacyPackaging should be set to true because android:extractNativeLibs is set to "true" in AndroidManifest.xml.

BUILD SUCCESSFUL in 4s
100 actionable tasks: 12 executed, 88 up-to-date
2024-06-06T17:32:27.498-0500 [DEBUG] [org.gradle.launcher.daemon.server.exec.ExecuteBuild] The daemon has finished executing the build.
2024-06-06T17:32:27.511-0500 [DEBUG] [org.gradle.launcher.daemon.server.DaemonStateCoordinator] daemon is running. Sleeping until state changes.
2024-06-06T17:32:27.512-0500 [DEBUG] [org.gradle.launcher.daemon.server.DaemonStateCoordinator] Command execution: finished waiting for DaemonCommandExecution[command = Build{id=e980ce15-1093-414f-be4e-d4f8e410f7f7, currentDir=/Users/victoriamarin/Downloads/proyecto 5/Library/Bee/Android/Prj/Mono2x/Gradle/launcher}, connection = DefaultDaemonConnection: socket connection from /127.0.0.1:51633 to /127.0.0.1:52778]. Result org.gradle.launcher.daemon.server.DaemonStateCoordinator@6f95e280 with state Busy
2024-06-06T17:32:27.512-0500 [DEBUG] [org.gradle.launcher.daemon.server.DaemonStateCoordinator] Command execution: completed DaemonCommandExecution[command = Build{id=e980ce15-1093-414f-be4e-d4f8e410f7f7, currentDir=/Users/victoriamarin/Downloads/proyecto 5/Library/Bee/Android/Prj/Mono2x/Gradle/launcher}, connection = DefaultDaemonConnection: socket connection from /127.0.0.1:51633 to /127.0.0.1:52778]
2024-06-06T17:32:27.512-0500 [DEBUG] [org.gradle.launcher.daemon.server.DaemonStateCoordinator] resetting idle timer
2024-06-06T17:32:27.512-0500 [INFO] [org.gradle.launcher.daemon.server.DaemonRegistryUpdater] Marking the daemon as idle, address: [b05bccea-4b99-43d7-aa15-fac7a48638b2 port:51633, addresses:[localhost/127.0.0.1]]
2024-06-06T17:32:27.512-0500 [DEBUG] [org.gradle.launcher.daemon.registry.PersistentDaemonRegistry] Marking busy by address: [b05bccea-4b99-43d7-aa15-fac7a48638b2 port:51633, addresses:[localhost/127.0.0.1]]
2024-06-06T17:32:27.513-0500 [DEBUG] [org.gradle.cache.internal.DefaultFileLockManager] Waiting to acquire exclusive lock on daemon addresses registry.
2024-06-06T17:32:27.514-0500 [DEBUG] [org.gradle.cache.internal.DefaultFileLockManager] Lock acquired on daemon addresses registry.
2024-06-06T17:32:27.518-0500 [DEBUG] [org.gradle.cache.internal.DefaultFileLockManager] Releasing lock on daemon addresses registry.
2024-06-06T17:32:27.518-0500 [DEBUG] [org.gradle.launcher.daemon.server.DaemonStateCoordinator] daemon is running. Sleeping until state changes.
2024-06-06T17:32:27.518-0500 [DEBUG] [org.gradle.launcher.daemon.server.exec.ReturnResult] Daemon is dispatching the build result: Success[value=org.gradle.launcher.exec.BuildActionResult@2d682994]
2024-06-06T17:32:27.518-0500 [DEBUG] [org.gradle.launcher.daemon.server.SynchronizedDispatchConnection] thread 1056: dispatching Success[value=org.gradle.launcher.exec.BuildActionResult@2d682994]
2024-06-06T17:32:27.518-0500 [DEBUG] [org.gradle.launcher.daemon.server.DefaultIncomingConnectionHandler] Finishing executing command: Build{id=e980ce15-1093-414f-be4e-d4f8e410f7f7, currentDir=/Users/victoriamarin/Downloads/proyecto 5/Library/Bee/Android/Prj/Mono2x/Gradle/launcher}
2024-06-06T17:32:27.519-0500 [DEBUG] [org.gradle.launcher.daemon.server.SynchronizedDispatchConnection] thread 1057: received class org.gradle.launcher.daemon.protocol.CloseInput
2024-06-06T17:32:27.519-0500 [DEBUG] [org.gradle.launcher.daemon.server.DefaultDaemonConnection] thread 1057: Received IO message from client: org.gradle.launcher.daemon.protocol.CloseInput@4a4b09cb
2024-06-06T17:32:27.520-0500 [DEBUG] [org.gradle.launcher.daemon.server.SynchronizedDispatchConnection] thread 1057: received class org.gradle.launcher.daemon.protocol.Finished
2024-06-06T17:32:27.520-0500 [DEBUG] [org.gradle.launcher.daemon.server.DefaultDaemonConnection] thread 1057: Received non-IO message from client: org.gradle.launcher.daemon.protocol.Finished@448ceef2
2024-06-06T17:32:27.520-0500 [DEBUG] [org.gradle.launcher.daemon.server.DefaultIncomingConnectionHandler] Received finished message: org.gradle.launcher.daemon.protocol.Finished@448ceef2
2024-06-06T17:32:27.520-0500 [DEBUG] [org.gradle.launcher.daemon.server.SynchronizedDispatchConnection] thread 1056: stopping connection
2024-06-06T17:32:27.521-0500 [DEBUG] [org.gradle.internal.remote.internal.inet.SocketConnection] Discarding EOFException: java.io.EOFException
2024-06-06T17:32:27.521-0500 [DEBUG] [org.gradle.launcher.daemon.server.SynchronizedDispatchConnection] thread 1057: received null
2024-06-06T17:32:27.521-0500 [DEBUG] [org.gradle.launcher.daemon.server.DefaultDaemonConnection] thread 1057: Received end-of-input from client.
2024-06-06T17:32:27.521-0500 [DEBUG] [org.gradle.launcher.daemon.server.SynchronizedDispatchConnection] thread 1056: stopping connection
2024-06-06T17:32:32.097-0500 [DEBUG] [org.gradle.cache.internal.DefaultFileLockManager] Waiting to acquire shared lock on daemon addresses registry.
2024-06-06T17:32:32.098-0500 [DEBUG] [org.gradle.cache.internal.DefaultFileLockManager] Lock acquired on daemon addresses registry.
2024-06-06T17:32:32.100-0500 [DEBUG] [org.gradle.cache.internal.DefaultFileLockManager] Releasing lock on daemon addresses registry.
2024-06-06T17:32:32.102-0500 [DEBUG] [org.gradle.cache.internal.DefaultFileLockManager] Waiting to acquire shared lock on daemon addresses registry.
2024-06-06T17:32:32.102-0500 [DEBUG] [org.gradle.cache.internal.DefaultFileLockManager] Lock acquired on daemon addresses registry.
2024-06-06T17:32:32.102-0500 [DEBUG] [org.gradle.cache.internal.DefaultFileLockManager] Releasing lock on daemon addresses registry.
2024-06-06T17:32:42.093-0500 [DEBUG] [org.gradle.cache.internal.DefaultFileLockManager] Waiting to acquire shared lock on daemon addresses registry.
2024-06-06T17:32:42.093-0500 [DEBUG] [org.gradle.cache.internal.DefaultFileLockManager] Lock acquired on daemon addresses registry.
2024-06-06T17:32:42.093-0500 [DEBUG] [org.gradle.cache.internal.DefaultFileLockManager] Releasing lock on daemon addresses registry.
2024-06-06T17:32:42.094-0500 [DEBUG] [org.gradle.cache.internal.DefaultFileLockManager] Waiting to acquire shared lock on daemon addresses registry.
2024-06-06T17:32:42.094-0500 [DEBUG] [org.gradle.cache.internal.DefaultFileLockManager] Lock acquired on daemon addresses registry.
2024-06-06T17:32:42.094-0500 [DEBUG] [org.gradle.cache.internal.DefaultFileLockManager] Releasing lock on daemon addresses registry.
2024-06-06T17:32:42.095-0500 [DEBUG] [org.gradle.cache.internal.DefaultFileLockManager] Waiting to acquire shared lock on daemon addresses registry.
2024-06-06T17:32:42.095-0500 [DEBUG] [org.gradle.cache.internal.DefaultFileLockManager] Lock acquired on daemon addresses registry.
2024-06-06T17:32:42.095-0500 [DEBUG] [org.gradle.cache.internal.DefaultFileLockManager] Releasing lock on daemon addresses registry.
2024-06-06T17:32:52.096-0500 [DEBUG] [org.gradle.cache.internal.DefaultFileLockManager] Waiting to acquire shared lock on daemon addresses registry.
2024-06-06T17:32:52.096-0500 [DEBUG] [org.gradle.cache.internal.DefaultFileLockManager] Lock acquired on daemon addresses registry.
2024-06-06T17:32:52.096-0500 [DEBUG] [org.gradle.cache.internal.DefaultFileLockManager] Releasing lock on daemon addresses registry.
2024-06-06T17:32:52.097-0500 [DEBUG] [org.gradle.cache.internal.DefaultFileLockManager] Waiting to acquire shared lock on daemon addresses registry.
2024-06-06T17:32:52.097-0500 [DEBUG] [org.gradle.cache.internal.DefaultFileLockManager] Lock acquired on daemon addresses registry.
2024-06-06T17:32:52.097-0500 [DEBUG] [org.gradle.cache.internal.DefaultFileLockManager] Releasing lock on daemon addresses registry.
2024-06-06T17:32:52.098-0500 [DEBUG] [org.gradle.cache.internal.DefaultFileLockManager] Waiting to acquire shared lock on daemon addresses registry.
2024-06-06T17:32:52.098-0500 [DEBUG] [org.gradle.cache.internal.DefaultFileLockManager] Lock acquired on daemon addresses registry.
2024-06-06T17:32:52.098-0500 [DEBUG] [org.gradle.cache.internal.DefaultFileLockManager] Releasing lock on daemon addresses registry.
2024-06-06T17:33:02.100-0500 [DEBUG] [org.gradle.cache.internal.DefaultFileLockManager] Waiting to acquire shared lock on daemon addresses registry.
2024-06-06T17:33:02.101-0500 [DEBUG] [org.gradle.cache.internal.DefaultFileLockManager] Lock acquired on daemon addresses registry.
2024-06-06T17:33:02.102-0500 [DEBUG] [org.gradle.cache.internal.DefaultFileLockManager] Releasing lock on daemon addresses registry.
2024-06-06T17:33:02.103-0500 [DEBUG] [org.gradle.cache.internal.DefaultFileLockManager] Waiting to acquire shared lock on daemon addresses registry.
2024-06-06T17:33:02.103-0500 [DEBUG] [org.gradle.cache.internal.DefaultFileLockManager] Lock acquired on daemon addresses registry.
2024-06-06T17:33:02.103-0500 [DEBUG] [org.gradle.cache.internal.DefaultFileLockManager] Releasing lock on daemon addresses registry.
2024-06-06T17:33:02.103-0500 [DEBUG] [org.gradle.cache.internal.DefaultFileLockManager] Waiting to acquire shared lock on daemon addresses registry.
2024-06-06T17:33:02.103-0500 [DEBUG] [org.gradle.cache.internal.DefaultFileLockManager] Lock acquired on daemon addresses registry.
2024-06-06T17:33:02.103-0500 [DEBUG] [org.gradle.cache.internal.DefaultFileLockManager] Releasing lock on daemon addresses registry.
2024-06-06T17:33:12.094-0500 [DEBUG] [org.gradle.cache.internal.DefaultFileLockManager] Waiting to acquire shared lock on daemon addresses registry.
2024-06-06T17:33:12.095-0500 [DEBUG] [org.gradle.cache.internal.DefaultFileLockManager] Lock acquired on daemon addresses registry.
2024-06-06T17:33:12.095-0500 [DEBUG] [org.gradle.cache.internal.DefaultFileLockManager] Releasing lock on daemon addresses registry.
2024-06-06T17:33:12.095-0500 [DEBUG] [org.gradle.cache.internal.DefaultFileLockManager] Waiting to acquire shared lock on daemon addresses registry.
2024-06-06T17:33:12.096-0500 [DEBUG] [org.gradle.cache.internal.DefaultFileLockManager] Lock acquired on daemon addresses registry.
2024-06-06T17:33:12.096-0500 [DEBUG] [org.gradle.cache.internal.DefaultFileLockManager] Releasing lock on daemon addresses registry.
2024-06-06T17:33:12.096-0500 [DEBUG] [org.gradle.cache.internal.DefaultFileLockManager] Waiting to acquire shared lock on daemon addresses registry.
2024-06-06T17:33:12.096-0500 [DEBUG] [org.gradle.cache.internal.DefaultFileLockManager] Lock acquired on daemon addresses registry.
2024-06-06T17:33:12.096-0500 [DEBUG] [org.gradle.cache.internal.DefaultFileLockManager] Releasing lock on daemon addresses registry.
2024-06-06T17:33:22.093-0500 [DEBUG] [org.gradle.cache.internal.DefaultFileLockManager] Waiting to acquire shared lock on daemon addresses registry.
2024-06-06T17:33:22.094-0500 [DEBUG] [org.gradle.cache.internal.DefaultFileLockManager] Lock acquired on daemon addresses registry.
2024-06-06T17:33:22.094-0500 [DEBUG] [org.gradle.cache.internal.DefaultFileLockManager] Releasing lock on daemon addresses registry.
2024-06-06T17:33:22.095-0500 [DEBUG] [org.gradle.cache.internal.DefaultFileLockManager] Waiting to acquire shared lock on daemon addresses registry.
2024-06-06T17:33:22.095-0500 [DEBUG] [org.gradle.cache.internal.DefaultFileLockManager] Lock acquired on daemon addresses registry.
2024-06-06T17:33:22.095-0500 [DEBUG] [org.gradle.cache.internal.DefaultFileLockManager] Releasing lock on daemon addresses registry.
2024-06-06T17:33:22.095-0500 [DEBUG] [org.gradle.cache.internal.DefaultFileLockManager] Waiting to acquire shared lock on daemon addresses registry.
2024-06-06T17:33:22.095-0500 [DEBUG] [org.gradle.cache.internal.DefaultFileLockManager] Lock acquired on daemon addresses registry.
2024-06-06T17:33:22.096-0500 [DEBUG] [org.gradle.cache.internal.DefaultFileLockManager] Releasing lock on daemon addresses registry.
2024-06-06T17:33:32.093-0500 [DEBUG] [org.gradle.cache.internal.DefaultFileLockManager] Waiting to acquire shared lock on daemon addresses registry.
2024-06-06T17:33:32.094-0500 [DEBUG] [org.gradle.cache.internal.DefaultFileLockManager] Lock acquired on daemon addresses registry.
2024-06-06T17:33:32.094-0500 [DEBUG] [org.gradle.cache.internal.DefaultFileLockManager] Releasing lock on daemon addresses registry.
2024-06-06T17:33:32.094-0500 [DEBUG] [org.gradle.cache.internal.DefaultFileLockManager] Waiting to acquire shared lock on daemon addresses registry.
2024-06-06T17:33:32.094-0500 [DEBUG] [org.gradle.cache.internal.DefaultFileLockManager] Lock acquired on daemon addresses registry.
2024-06-06T17:33:32.095-0500 [DEBUG] [org.gradle.cache.internal.DefaultFileLockManager] Releasing lock on daemon addresses registry.
2024-06-06T17:33:32.095-0500 [DEBUG] [org.gradle.cache.internal.DefaultFileLockManager] Waiting to acquire shared lock on daemon addresses registry.
2024-06-06T17:33:32.095-0500 [DEBUG] [org.gradle.cache.internal.DefaultFileLockManager] Lock acquired on daemon addresses registry.
2024-06-06T17:33:32.095-0500 [DEBUG] [org.gradle.cache.internal.DefaultFileLockManager] Releasing lock on daemon addresses registry.
2024-06-06T17:33:42.098-0500 [DEBUG] [org.gradle.cache.internal.DefaultFileLockManager] Waiting to acquire shared lock on daemon addresses registry.
2024-06-06T17:33:42.099-0500 [DEBUG] [org.gradle.cache.internal.DefaultFileLockManager] Lock acquired on daemon addresses registry.
2024-06-06T17:33:42.100-0500 [DEBUG] [org.gradle.cache.internal.DefaultFileLockManager] Releasing lock on daemon addresses registry.
2024-06-06T17:33:42.101-0500 [DEBUG] [org.gradle.cache.internal.DefaultFileLockManager] Waiting to acquire shared lock on daemon addresses registry.
2024-06-06T17:33:42.101-0500 [DEBUG] [org.gradle.cache.internal.DefaultFileLockManager] Lock acquired on daemon addresses registry.
2024-06-06T17:33:42.101-0500 [DEBUG] [org.gradle.cache.internal.DefaultFileLockManager] Releasing lock on daemon addresses registry.
2024-06-06T17:33:42.102-0500 [DEBUG] [org.gradle.cache.internal.DefaultFileLockManager] Waiting to acquire shared lock on daemon addresses registry.
2024-06-06T17:33:42.102-0500 [DEBUG] [org.gradle.cache.internal.DefaultFileLockManager] Lock acquired on daemon addresses registry.
2024-06-06T17:33:42.102-0500 [DEBUG] [org.gradle.cache.internal.DefaultFileLockManager] Releasing lock on daemon addresses registry.
2024-06-06T17:33:52.099-0500 [DEBUG] [org.gradle.cache.internal.DefaultFileLockManager] Waiting to acquire shared lock on daemon addresses registry.
2024-06-06T17:33:52.099-0500 [DEBUG] [org.gradle.cache.internal.DefaultFileLockManager] Lock acquired on daemon addresses registry.
2024-06-06T17:33:52.099-0500 [DEBUG] [org.gradle.cache.internal.DefaultFileLockManager] Releasing lock on daemon addresses registry.
2024-06-06T17:33:52.099-0500 [DEBUG] [org.gradle.cache.internal.DefaultFileLockManager] Waiting to acquire shared lock on daemon addresses registry.
2024-06-06T17:33:52.099-0500 [DEBUG] [org.gradle.cache.internal.DefaultFileLockManager] Lock acquired on daemon addresses registry.
2024-06-06T17:33:52.099-0500 [DEBUG] [org.gradle.cache.internal.DefaultFileLockManager] Releasing lock on daemon addresses registry.
2024-06-06T17:33:52.100-0500 [DEBUG] [org.gradle.cache.internal.DefaultFileLockManager] Waiting to acquire shared lock on daemon addresses registry.
2024-06-06T17:33:52.100-0500 [DEBUG] [org.gradle.cache.internal.DefaultFileLockManager] Lock acquired on daemon addresses registry.
2024-06-06T17:33:52.100-0500 [DEBUG] [org.gradle.cache.internal.DefaultFileLockManager] Releasing lock on daemon addresses registry.
2024-06-06T17:34:01.904-0500 [DEBUG] [org.gradle.internal.watch.vfs.impl.WatchingVirtualFileSystem] Handling VFS change MODIFIED /Users/victoriamarin/Downloads/proyecto 5/Library/Bee/Android/Prj/Mono2x/Gradle/unityLibrary/xrmanifest.androidlib/AndroidManifest.xml
2024-06-06T17:34:01.905-0500 [DEBUG] [org.gradle.internal.watch.vfs.impl.WatchingVirtualFileSystem] Handling VFS change MODIFIED /Users/victoriamarin/Downloads/proyecto 5/Library/Bee/Android/Prj/Mono2x/Gradle/unityLibrary/proguard-unity.txt
2024-06-06T17:34:01.905-0500 [DEBUG] [org.gradle.internal.watch.vfs.impl.WatchingVirtualFileSystem] Handling VFS change MODIFIED /Users/victoriamarin/Downloads/proyecto 5/Library/Bee/Android/Prj/Mono2x/Gradle/unityLibrary/src/main/AndroidManifest.xml
2024-06-06T17:34:02.097-0500 [DEBUG] [org.gradle.cache.internal.DefaultFileLockManager] Waiting to acquire shared lock on daemon addresses registry.
2024-06-06T17:34:02.097-0500 [DEBUG] [org.gradle.cache.internal.DefaultFileLockManager] Lock acquired on daemon addresses registry.
2024-06-06T17:34:02.097-0500 [DEBUG] [org.gradle.cache.internal.DefaultFileLockManager] Releasing lock on daemon addresses registry.
2024-06-06T17:34:02.097-0500 [DEBUG] [org.gradle.cache.internal.DefaultFileLockManager] Waiting to acquire shared lock on daemon addresses registry.
2024-06-06T17:34:02.097-0500 [DEBUG] [org.gradle.cache.internal.DefaultFileLockManager] Lock acquired on daemon addresses registry.
2024-06-06T17:34:02.097-0500 [DEBUG] [org.gradle.cache.internal.DefaultFileLockManager] Releasing lock on daemon addresses registry.
2024-06-06T17:34:02.097-0500 [DEBUG] [org.gradle.cache.internal.DefaultFileLockManager] Waiting to acquire shared lock on daemon addresses registry.
2024-06-06T17:34:02.097-0500 [DEBUG] [org.gradle.cache.internal.DefaultFileLockManager] Lock acquired on daemon addresses registry.
2024-06-06T17:34:02.097-0500 [DEBUG] [org.gradle.cache.internal.DefaultFileLockManager] Releasing lock on daemon addresses registry.
2024-06-06T17:34:02.792-0500 [DEBUG] [org.gradle.internal.remote.internal.inet.TcpIncomingConnector] Accepted connection from /127.0.0.1:52852 to /127.0.0.1:51633.
2024-06-06T17:34:02.806-0500 [DEBUG] [org.gradle.launcher.daemon.server.SynchronizedDispatchConnection] thread 1179: received class org.gradle.launcher.daemon.protocol.Build
2024-06-06T17:34:02.807-0500 [DEBUG] [org.gradle.launcher.daemon.server.DefaultDaemonConnection] thread 1179: Received non-IO message from client: Build{id=41f91e58-76fd-48e6-b19c-d4d2386e638f, currentDir=/Users/victoriamarin/Downloads/proyecto 5/Library/Bee/Android/Prj/Mono2x/Gradle/launcher}
2024-06-06T17:34:02.807-0500 [INFO] [org.gradle.launcher.daemon.server.DefaultIncomingConnectionHandler] Received command: Build{id=41f91e58-76fd-48e6-b19c-d4d2386e638f, currentDir=/Users/victoriamarin/Downloads/proyecto 5/Library/Bee/Android/Prj/Mono2x/Gradle/launcher}.
2024-06-06T17:34:02.807-0500 [DEBUG] [org.gradle.launcher.daemon.server.DefaultIncomingConnectionHandler] Starting executing command: Build{id=41f91e58-76fd-48e6-b19c-d4d2386e638f, currentDir=/Users/victoriamarin/Downloads/proyecto 5/Library/Bee/Android/Prj/Mono2x/Gradle/launcher} with connection: socket connection from /127.0.0.1:51633 to /127.0.0.1:52852.
2024-06-06T17:34:02.808-0500 [DEBUG] [org.gradle.launcher.daemon.server.DaemonStateCoordinator] Command execution: started DaemonCommandExecution[command = Build{id=41f91e58-76fd-48e6-b19c-d4d2386e638f, currentDir=/Users/victoriamarin/Downloads/proyecto 5/Library/Bee/Android/Prj/Mono2x/Gradle/launcher}, connection = DefaultDaemonConnection: socket connection from /127.0.0.1:51633 to /127.0.0.1:52852] after 1.0 minutes of idle
2024-06-06T17:34:02.809-0500 [INFO] [org.gradle.launcher.daemon.server.DaemonRegistryUpdater] Marking the daemon as busy, address: [b05bccea-4b99-43d7-aa15-fac7a48638b2 port:51633, addresses:[localhost/127.0.0.1]]
2024-06-06T17:34:02.809-0500 [DEBUG] [org.gradle.launcher.daemon.registry.PersistentDaemonRegistry] Marking busy by address: [b05bccea-4b99-43d7-aa15-fac7a48638b2 port:51633, addresses:[localhost/127.0.0.1]]
2024-06-06T17:34:02.809-0500 [DEBUG] [org.gradle.cache.internal.DefaultFileLockManager] Waiting to acquire exclusive lock on daemon addresses registry.
2024-06-06T17:34:02.809-0500 [DEBUG] [org.gradle.cache.internal.DefaultFileLockManager] Lock acquired on daemon addresses registry.
2024-06-06T17:34:02.810-0500 [DEBUG] [org.gradle.cache.internal.DefaultFileLockManager] Releasing lock on daemon addresses registry.
2024-06-06T17:34:02.810-0500 [DEBUG] [org.gradle.launcher.daemon.server.DaemonStateCoordinator] resetting idle timer
2024-06-06T17:34:02.810-0500 [DEBUG] [org.gradle.launcher.daemon.server.DaemonStateCoordinator] daemon is running. Sleeping until state changes.
2024-06-06T17:34:02.810-0500 [INFO] [org.gradle.launcher.daemon.server.exec.StartBuildOrRespondWithBusy] Daemon is about to start building Build{id=41f91e58-76fd-48e6-b19c-d4d2386e638f, currentDir=/Users/victoriamarin/Downloads/proyecto 5/Library/Bee/Android/Prj/Mono2x/Gradle/launcher}. Dispatching build started information...
2024-06-06T17:34:02.810-0500 [DEBUG] [org.gradle.launcher.daemon.server.SynchronizedDispatchConnection] thread 1181: dispatching org.gradle.launcher.daemon.protocol.BuildStarted@3165ae65
2024-06-06T17:34:02.820-0500 [DEBUG] [org.gradle.launcher.daemon.server.exec.EstablishBuildEnvironment] Configuring env variables: [PATH, JAVA_MAIN_CLASS_20618, AMPLITUDE_TOKEN_YELLOWBUCKET_DEV, AMPLITUDE_TOKEN_YELLOWBUCKET_PROD, MallocNanoZone, SENTRY_ACCESS_TOKEN, JAVA_HOME, AMPLITUDE_API_KEY_YELLOWBUCKET_DEV, AMPLITUDE_TOKEN_GREENBUCKET_DEV, AMPLITUDE_TOKEN_REDBUCKET_PROD, WOOTRIC_CLIENT_TOKEN, COMMAND_MODE, AMPLITUDE_API_KEY_YELLOWBUCKET_PROD, JAVA_TOOL_OPTIONS, AMPLITUDE_API_KEY_GREENBUCKET_PROD, AMPLITUDE_TOKEN_GREENBUCKET_PROD, AMPLITUDE_API_KEY_REDBUCKET_DEV, LOGNAME, XPC_SERVICE_NAME, AMPLITUDE_API_KEY_GREENBUCKET_DEV, __CFBundleIdentifier, SHELL, AMPLITUDE_TOKEN_REDBUCKET_DEV, ANDROID_NDK_ROOT, DEBUG_ENV_VAR, USER, TMPDIR, ORIGINAL_XDG_CURRENT_DESKTOP, AMPLITUDE_API_KEY, SSH_AUTH_SOCK, AMPLITUDE_API_KEY_STAGING, XPC_FLAGS, AMPLITUDE_API_KEY_REDBUCKET_PROD, __CF_USER_TEXT_ENCODING, AMPLITUDE_DEPLOYMENT_KEY_RED_BUCKET_PROD, AMPLITUDE_DEPLOYMENT_KEY_RED_BUCKET_DEV, HOME]
2024-06-06T17:34:02.824-0500 [DEBUG] [org.gradle.launcher.daemon.server.exec.LogToClient] About to start relaying all logs to the client via the connection.
2024-06-06T17:34:02.826-0500 [INFO] [org.gradle.launcher.daemon.server.exec.LogToClient] The client will now receive all logging from the daemon (pid: 19198). The daemon log file: /Users/victoriamarin/.gradle/daemon/7.2/daemon-19198.out.log
2024-06-06T17:34:02.830-0500 [INFO] [org.gradle.launcher.daemon.server.exec.LogAndCheckHealth] Starting 10th build in daemon [uptime: 26 mins 30.936 secs, performance: 100%]
2024-06-06T17:34:02.830-0500 [DEBUG] [org.gradle.launcher.daemon.server.exec.ExecuteBuild] The daemon has started executing the build.
2024-06-06T17:34:02.831-0500 [DEBUG] [org.gradle.launcher.daemon.server.exec.ExecuteBuild] Executing build with daemon context: DefaultDaemonContext[uid=bf65fa1e-52e8-4b56-a871-74da22f3df88,javaHome=/Applications/Unity/Hub/Editor/2022.3.22f1/PlaybackEngines/AndroidPlayer/OpenJDK,daemonRegistryDir=/Users/victoriamarin/.gradle/daemon,pid=19198,idleTimeout=10800000,priority=NORMAL,daemonOpts=--add-opens,java.base/java.util=ALL-UNNAMED,--add-opens,java.base/java.lang=ALL-UNNAMED,--add-opens,java.base/java.lang.invoke=ALL-UNNAMED,--add-opens,java.base/java.util=ALL-UNNAMED,--add-opens,java.prefs/java.util.prefs=ALL-UNNAMED,--add-opens,java.prefs/java.util.prefs=ALL-UNNAMED,--add-opens,java.base/java.nio.charset=ALL-UNNAMED,--add-opens,java.base/java.net=ALL-UNNAMED,--add-opens,java.base/java.util.concurrent.atomic=ALL-UNNAMED,-Xmx4096m,-Dfile.encoding=UTF-8,-Duser.country=MX,-Duser.language=en,-Duser.variant]

BUILD SUCCESSFUL in 3s
100 actionable tasks: 5 executed, 95 up-to-date
2024-06-06T17:34:05.206-0500 [DEBUG] [org.gradle.launcher.daemon.server.exec.ExecuteBuild] The daemon has finished executing the build.
2024-06-06T17:34:05.219-0500 [DEBUG] [org.gradle.launcher.daemon.server.DaemonStateCoordinator] daemon is running. Sleeping until state changes.
2024-06-06T17:34:05.219-0500 [DEBUG] [org.gradle.launcher.daemon.server.DaemonStateCoordinator] Command execution: finished waiting for DaemonCommandExecution[command = Build{id=41f91e58-76fd-48e6-b19c-d4d2386e638f, currentDir=/Users/victoriamarin/Downloads/proyecto 5/Library/Bee/Android/Prj/Mono2x/Gradle/launcher}, connection = DefaultDaemonConnection: socket connection from /127.0.0.1:51633 to /127.0.0.1:52852]. Result org.gradle.launcher.daemon.server.DaemonStateCoordinator@6f95e280 with state Busy
2024-06-06T17:34:05.219-0500 [DEBUG] [org.gradle.launcher.daemon.server.DaemonStateCoordinator] Command execution: completed DaemonCommandExecution[command = Build{id=41f91e58-76fd-48e6-b19c-d4d2386e638f, currentDir=/Users/victoriamarin/Downloads/proyecto 5/Library/Bee/Android/Prj/Mono2x/Gradle/launcher}, connection = DefaultDaemonConnection: socket connection from /127.0.0.1:51633 to /127.0.0.1:52852]
2024-06-06T17:34:05.219-0500 [DEBUG] [org.gradle.launcher.daemon.server.DaemonStateCoordinator] resetting idle timer
2024-06-06T17:34:05.219-0500 [INFO] [org.gradle.launcher.daemon.server.DaemonRegistryUpdater] Marking the daemon as idle, address: [b05bccea-4b99-43d7-aa15-fac7a48638b2 port:51633, addresses:[localhost/127.0.0.1]]
2024-06-06T17:34:05.219-0500 [DEBUG] [org.gradle.launcher.daemon.registry.PersistentDaemonRegistry] Marking busy by address: [b05bccea-4b99-43d7-aa15-fac7a48638b2 port:51633, addresses:[localhost/127.0.0.1]]
2024-06-06T17:34:05.220-0500 [DEBUG] [org.gradle.cache.internal.DefaultFileLockManager] Waiting to acquire exclusive lock on daemon addresses registry.
2024-06-06T17:34:05.222-0500 [DEBUG] [org.gradle.cache.internal.DefaultFileLockManager] Lock acquired on daemon addresses registry.
2024-06-06T17:34:05.224-0500 [DEBUG] [org.gradle.cache.internal.DefaultFileLockManager] Releasing lock on daemon addresses registry.
2024-06-06T17:34:05.224-0500 [DEBUG] [org.gradle.launcher.daemon.server.DaemonStateCoordinator] daemon is running. Sleeping until state changes.
2024-06-06T17:34:05.224-0500 [DEBUG] [org.gradle.launcher.daemon.server.exec.ReturnResult] Daemon is dispatching the build result: Success[value=org.gradle.launcher.exec.BuildActionResult@49c4a2a8]
2024-06-06T17:34:05.224-0500 [DEBUG] [org.gradle.launcher.daemon.server.SynchronizedDispatchConnection] thread 1178: dispatching Success[value=org.gradle.launcher.exec.BuildActionResult@49c4a2a8]
2024-06-06T17:34:05.225-0500 [DEBUG] [org.gradle.launcher.daemon.server.DefaultIncomingConnectionHandler] Finishing executing command: Build{id=41f91e58-76fd-48e6-b19c-d4d2386e638f, currentDir=/Users/victoriamarin/Downloads/proyecto 5/Library/Bee/Android/Prj/Mono2x/Gradle/launcher}
2024-06-06T17:34:05.227-0500 [DEBUG] [org.gradle.launcher.daemon.server.SynchronizedDispatchConnection] thread 1179: received class org.gradle.launcher.daemon.protocol.CloseInput
2024-06-06T17:34:05.227-0500 [DEBUG] [org.gradle.launcher.daemon.server.DefaultDaemonConnection] thread 1179: Received IO message from client: org.gradle.launcher.daemon.protocol.CloseInput@36268b6a
2024-06-06T17:34:05.227-0500 [DEBUG] [org.gradle.launcher.daemon.server.SynchronizedDispatchConnection] thread 1179: received class org.gradle.launcher.daemon.protocol.Finished
2024-06-06T17:34:05.227-0500 [DEBUG] [org.gradle.launcher.daemon.server.DefaultDaemonConnection] thread 1179: Received non-IO message from client: org.gradle.launcher.daemon.protocol.Finished@38e163de
2024-06-06T17:34:05.227-0500 [DEBUG] [org.gradle.launcher.daemon.server.DefaultIncomingConnectionHandler] Received finished message: org.gradle.launcher.daemon.protocol.Finished@38e163de
2024-06-06T17:34:05.227-0500 [DEBUG] [org.gradle.launcher.daemon.server.SynchronizedDispatchConnection] thread 1178: stopping connection
2024-06-06T17:34:05.228-0500 [DEBUG] [org.gradle.internal.remote.internal.inet.SocketConnection] Discarding EOFException: java.io.EOFException
2024-06-06T17:34:05.228-0500 [DEBUG] [org.gradle.launcher.daemon.server.SynchronizedDispatchConnection] thread 1179: received null
2024-06-06T17:34:05.228-0500 [DEBUG] [org.gradle.launcher.daemon.server.DefaultDaemonConnection] thread 1179: Received end-of-input from client.
2024-06-06T17:34:05.229-0500 [DEBUG] [org.gradle.launcher.daemon.server.SynchronizedDispatchConnection] thread 1178: stopping connection
2024-06-06T17:34:12.098-0500 [DEBUG] [org.gradle.cache.internal.DefaultFileLockManager] Waiting to acquire shared lock on daemon addresses registry.
2024-06-06T17:34:12.100-0500 [DEBUG] [org.gradle.cache.internal.DefaultFileLockManager] Lock acquired on daemon addresses registry.
2024-06-06T17:34:12.102-0500 [DEBUG] [org.gradle.cache.internal.DefaultFileLockManager] Releasing lock on daemon addresses registry.
2024-06-06T17:34:12.104-0500 [DEBUG] [org.gradle.cache.internal.DefaultFileLockManager] Waiting to acquire shared lock on daemon addresses registry.
2024-06-06T17:34:12.104-0500 [DEBUG] [org.gradle.cache.internal.DefaultFileLockManager] Lock acquired on daemon addresses registry.
2024-06-06T17:34:12.105-0500 [DEBUG] [org.gradle.cache.internal.DefaultFileLockManager] Releasing lock on daemon addresses registry.
2024-06-06T17:34:22.093-0500 [DEBUG] [org.gradle.cache.internal.DefaultFileLockManager] Waiting to acquire shared lock on daemon addresses registry.
2024-06-06T17:34:22.094-0500 [DEBUG] [org.gradle.cache.internal.DefaultFileLockManager] Lock acquired on daemon addresses registry.
2024-06-06T17:34:22.094-0500 [DEBUG] [org.gradle.cache.internal.DefaultFileLockManager] Releasing lock on daemon addresses registry.
2024-06-06T17:34:22.094-0500 [DEBUG] [org.gradle.cache.internal.DefaultFileLockManager] Waiting to acquire shared lock on daemon addresses registry.
2024-06-06T17:34:22.095-0500 [DEBUG] [org.gradle.cache.internal.DefaultFileLockManager] Lock acquired on daemon addresses registry.
2024-06-06T17:34:22.095-0500 [DEBUG] [org.gradle.cache.internal.DefaultFileLockManager] Releasing lock on daemon addresses registry.
2024-06-06T17:34:22.095-0500 [DEBUG] [org.gradle.cache.internal.DefaultFileLockManager] Waiting to acquire shared lock on daemon addresses registry.
2024-06-06T17:34:22.095-0500 [DEBUG] [org.gradle.cache.internal.DefaultFileLockManager] Lock acquired on daemon addresses registry.
2024-06-06T17:34:22.096-0500 [DEBUG] [org.gradle.cache.internal.DefaultFileLockManager] Releasing lock on daemon addresses registry.
2024-06-06T17:34:32.098-0500 [DEBUG] [org.gradle.cache.internal.DefaultFileLockManager] Waiting to acquire shared lock on daemon addresses registry.
2024-06-06T17:34:32.100-0500 [DEBUG] [org.gradle.cache.internal.DefaultFileLockManager] Lock acquired on daemon addresses registry.
2024-06-06T17:34:32.100-0500 [DEBUG] [org.gradle.cache.internal.DefaultFileLockManager] Releasing lock on daemon addresses registry.
2024-06-06T17:34:32.102-0500 [DEBUG] [org.gradle.cache.internal.DefaultFileLockManager] Waiting to acquire shared lock on daemon addresses registry.
2024-06-06T17:34:32.102-0500 [DEBUG] [org.gradle.cache.internal.DefaultFileLockManager] Lock acquired on daemon addresses registry.
2024-06-06T17:34:32.102-0500 [DEBUG] [org.gradle.cache.internal.DefaultFileLockManager] Releasing lock on daemon addresses registry.
2024-06-06T17:34:32.103-0500 [DEBUG] [org.gradle.cache.internal.DefaultFileLockManager] Waiting to acquire shared lock on daemon addresses registry.
2024-06-06T17:34:32.104-0500 [DEBUG] [org.gradle.cache.internal.DefaultFileLockManager] Lock acquired on daemon addresses registry.
2024-06-06T17:34:32.104-0500 [DEBUG] [org.gradle.cache.internal.DefaultFileLockManager] Releasing lock on daemon addresses registry.
2024-06-06T17:34:42.097-0500 [DEBUG] [org.gradle.cache.internal.DefaultFileLockManager] Waiting to acquire shared lock on daemon addresses registry.
2024-06-06T17:34:42.098-0500 [DEBUG] [org.gradle.cache.internal.DefaultFileLockManager] Lock acquired on daemon addresses registry.
2024-06-06T17:34:42.098-0500 [DEBUG] [org.gradle.cache.internal.DefaultFileLockManager] Releasing lock on daemon addresses registry.
2024-06-06T17:34:42.099-0500 [DEBUG] [org.gradle.cache.internal.DefaultFileLockManager] Waiting to acquire shared lock on daemon addresses registry.
2024-06-06T17:34:42.099-0500 [DEBUG] [org.gradle.cache.internal.DefaultFileLockManager] Lock acquired on daemon addresses registry.
2024-06-06T17:34:42.099-0500 [DEBUG] [org.gradle.cache.internal.DefaultFileLockManager] Releasing lock on daemon addresses registry.
2024-06-06T17:34:42.099-0500 [DEBUG] [org.gradle.cache.internal.DefaultFileLockManager] Waiting to acquire shared lock on daemon addresses registry.
2024-06-06T17:34:42.099-0500 [DEBUG] [org.gradle.cache.internal.DefaultFileLockManager] Lock acquired on daemon addresses registry.
2024-06-06T17:34:42.099-0500 [DEBUG] [org.gradle.cache.internal.DefaultFileLockManager] Releasing lock on daemon addresses registry.
2024-06-06T17:34:52.101-0500 [DEBUG] [org.gradle.cache.internal.DefaultFileLockManager] Waiting to acquire shared lock on daemon addresses registry.
2024-06-06T17:34:52.104-0500 [DEBUG] [org.gradle.cache.internal.DefaultFileLockManager] Lock acquired on daemon addresses registry.
2024-06-06T17:34:52.105-0500 [DEBUG] [org.gradle.cache.internal.DefaultFileLockManager] Releasing lock on daemon addresses registry.
2024-06-06T17:34:52.107-0500 [DEBUG] [org.gradle.cache.internal.DefaultFileLockManager] Waiting to acquire shared lock on daemon addresses registry.
2024-06-06T17:34:52.107-0500 [DEBUG] [org.gradle.cache.internal.DefaultFileLockManager] Lock acquired on daemon addresses registry.
2024-06-06T17:34:52.107-0500 [DEBUG] [org.gradle.cache.internal.DefaultFileLockManager] Releasing lock on daemon addresses registry.
2024-06-06T17:34:52.107-0500 [DEBUG] [org.gradle.cache.internal.DefaultFileLockManager] Waiting to acquire shared lock on daemon addresses registry.
2024-06-06T17:34:52.108-0500 [DEBUG] [org.gradle.cache.internal.DefaultFileLockManager] Lock acquired on daemon addresses registry.
2024-06-06T17:34:52.108-0500 [DEBUG] [org.gradle.cache.internal.DefaultFileLockManager] Releasing lock on daemon addresses registry.
2024-06-06T17:35:02.094-0500 [DEBUG] [org.gradle.cache.internal.DefaultFileLockManager] Waiting to acquire shared lock on daemon addresses registry.
2024-06-06T17:35:02.095-0500 [DEBUG] [org.gradle.cache.internal.DefaultFileLockManager] Lock acquired on daemon addresses registry.
2024-06-06T17:35:02.097-0500 [DEBUG] [org.gradle.cache.internal.DefaultFileLockManager] Releasing lock on daemon addresses registry.
2024-06-06T17:35:02.098-0500 [DEBUG] [org.gradle.cache.internal.DefaultFileLockManager] Waiting to acquire shared lock on daemon addresses registry.
2024-06-06T17:35:02.098-0500 [DEBUG] [org.gradle.cache.internal.DefaultFileLockManager] Lock acquired on daemon addresses registry.
2024-06-06T17:35:02.098-0500 [DEBUG] [org.gradle.cache.internal.DefaultFileLockManager] Releasing lock on daemon addresses registry.
2024-06-06T17:35:02.098-0500 [DEBUG] [org.gradle.cache.internal.DefaultFileLockManager] Waiting to acquire shared lock on daemon addresses registry.
2024-06-06T17:35:02.098-0500 [DEBUG] [org.gradle.cache.internal.DefaultFileLockManager] Lock acquired on daemon addresses registry.
2024-06-06T17:35:02.099-0500 [DEBUG] [org.gradle.cache.internal.DefaultFileLockManager] Releasing lock on daemon addresses registry.
2024-06-06T17:35:12.098-0500 [DEBUG] [org.gradle.cache.internal.DefaultFileLockManager] Waiting to acquire shared lock on daemon addresses registry.
2024-06-06T17:35:12.098-0500 [DEBUG] [org.gradle.cache.internal.DefaultFileLockManager] Lock acquired on daemon addresses registry.
2024-06-06T17:35:12.100-0500 [DEBUG] [org.gradle.cache.internal.DefaultFileLockManager] Releasing lock on daemon addresses registry.
2024-06-06T17:35:12.100-0500 [DEBUG] [org.gradle.cache.internal.DefaultFileLockManager] Waiting to acquire shared lock on daemon addresses registry.
2024-06-06T17:35:12.101-0500 [DEBUG] [org.gradle.cache.internal.DefaultFileLockManager] Lock acquired on daemon addresses registry.
2024-06-06T17:35:12.101-0500 [DEBUG] [org.gradle.cache.internal.DefaultFileLockManager] Releasing lock on daemon addresses registry.
2024-06-06T17:35:12.102-0500 [DEBUG] [org.gradle.cache.internal.DefaultFileLockManager] Waiting to acquire shared lock on daemon addresses registry.
2024-06-06T17:35:12.102-0500 [DEBUG] [org.gradle.cache.internal.DefaultFileLockManager] Lock acquired on daemon addresses registry.
2024-06-06T17:35:12.102-0500 [DEBUG] [org.gradle.cache.internal.DefaultFileLockManager] Releasing lock on daemon addresses registry.
2024-06-06T17:35:22.097-0500 [DEBUG] [org.gradle.cache.internal.DefaultFileLockManager] Waiting to acquire shared lock on daemon addresses registry.
2024-06-06T17:35:22.098-0500 [DEBUG] [org.gradle.cache.internal.DefaultFileLockManager] Lock acquired on daemon addresses registry.
2024-06-06T17:35:22.099-0500 [DEBUG] [org.gradle.cache.internal.DefaultFileLockManager] Releasing lock on daemon addresses registry.
2024-06-06T17:35:22.099-0500 [DEBUG] [org.gradle.cache.internal.DefaultFileLockManager] Waiting to acquire shared lock on daemon addresses registry.
2024-06-06T17:35:22.099-0500 [DEBUG] [org.gradle.cache.internal.DefaultFileLockManager] Lock acquired on daemon addresses registry.
2024-06-06T17:35:22.099-0500 [DEBUG] [org.gradle.cache.internal.DefaultFileLockManager] Releasing lock on daemon addresses registry.
2024-06-06T17:35:22.100-0500 [DEBUG] [org.gradle.cache.internal.DefaultFileLockManager] Waiting to acquire shared lock on daemon addresses registry.
2024-06-06T17:35:22.100-0500 [DEBUG] [org.gradle.cache.internal.DefaultFileLockManager] Lock acquired on daemon addresses registry.
2024-06-06T17:35:22.100-0500 [DEBUG] [org.gradle.cache.internal.DefaultFileLockManager] Releasing lock on daemon addresses registry.
2024-06-06T17:35:32.095-0500 [DEBUG] [org.gradle.cache.internal.DefaultFileLockManager] Waiting to acquire shared lock on daemon addresses registry.
2024-06-06T17:35:32.095-0500 [DEBUG] [org.gradle.cache.internal.DefaultFileLockManager] Lock acquired on daemon addresses registry.
2024-06-06T17:35:32.095-0500 [DEBUG] [org.gradle.cache.internal.DefaultFileLockManager] Releasing lock on daemon addresses registry.
2024-06-06T17:35:32.096-0500 [DEBUG] [org.gradle.cache.internal.DefaultFileLockManager] Waiting to acquire shared lock on daemon addresses registry.
2024-06-06T17:35:32.096-0500 [DEBUG] [org.gradle.cache.internal.DefaultFileLockManager] Lock acquired on daemon addresses registry.
2024-06-06T17:35:32.096-0500 [DEBUG] [org.gradle.cache.internal.DefaultFileLockManager] Releasing lock on daemon addresses registry.
2024-06-06T17:35:32.096-0500 [DEBUG] [org.gradle.cache.internal.DefaultFileLockManager] Waiting to acquire shared lock on daemon addresses registry.
2024-06-06T17:35:32.097-0500 [DEBUG] [org.gradle.cache.internal.DefaultFileLockManager] Lock acquired on daemon addresses registry.
2024-06-06T17:35:32.097-0500 [DEBUG] [org.gradle.cache.internal.DefaultFileLockManager] Releasing lock on daemon addresses registry.
2024-06-06T17:35:42.098-0500 [DEBUG] [org.gradle.cache.internal.DefaultFileLockManager] Waiting to acquire shared lock on daemon addresses registry.
2024-06-06T17:35:42.099-0500 [DEBUG] [org.gradle.cache.internal.DefaultFileLockManager] Lock acquired on daemon addresses registry.
2024-06-06T17:35:42.100-0500 [DEBUG] [org.gradle.cache.internal.DefaultFileLockManager] Releasing lock on daemon addresses registry.
2024-06-06T17:35:42.101-0500 [DEBUG] [org.gradle.cache.internal.DefaultFileLockManager] Waiting to acquire shared lock on daemon addresses registry.
2024-06-06T17:35:42.101-0500 [DEBUG] [org.gradle.cache.internal.DefaultFileLockManager] Lock acquired on daemon addresses registry.
2024-06-06T17:35:42.101-0500 [DEBUG] [org.gradle.cache.internal.DefaultFileLockManager] Releasing lock on daemon addresses registry.
2024-06-06T17:35:42.102-0500 [DEBUG] [org.gradle.cache.internal.DefaultFileLockManager] Waiting to acquire shared lock on daemon addresses registry.
2024-06-06T17:35:42.102-0500 [DEBUG] [org.gradle.cache.internal.DefaultFileLockManager] Lock acquired on daemon addresses registry.
2024-06-06T17:35:42.102-0500 [DEBUG] [org.gradle.cache.internal.DefaultFileLockManager] Releasing lock on daemon addresses registry.
2024-06-06T17:35:52.095-0500 [DEBUG] [org.gradle.cache.internal.DefaultFileLockManager] Waiting to acquire shared lock on daemon addresses registry.
2024-06-06T17:35:52.096-0500 [DEBUG] [org.gradle.cache.internal.DefaultFileLockManager] Lock acquired on daemon addresses registry.
2024-06-06T17:35:52.096-0500 [DEBUG] [org.gradle.cache.internal.DefaultFileLockManager] Releasing lock on daemon addresses registry.
2024-06-06T17:35:52.097-0500 [DEBUG] [org.gradle.cache.internal.DefaultFileLockManager] Waiting to acquire shared lock on daemon addresses registry.
2024-06-06T17:35:52.097-0500 [DEBUG] [org.gradle.cache.internal.DefaultFileLockManager] Lock acquired on daemon addresses registry.
2024-06-06T17:35:52.097-0500 [DEBUG] [org.gradle.cache.internal.DefaultFileLockManager] Releasing lock on daemon addresses registry.
2024-06-06T17:35:52.097-0500 [DEBUG] [org.gradle.cache.internal.DefaultFileLockManager] Waiting to acquire shared lock on daemon addresses registry.
2024-06-06T17:35:52.097-0500 [DEBUG] [org.gradle.cache.internal.DefaultFileLockManager] Lock acquired on daemon addresses registry.
2024-06-06T17:35:52.097-0500 [DEBUG] [org.gradle.cache.internal.DefaultFileLockManager] Releasing lock on daemon addresses registry.
2024-06-06T17:36:02.096-0500 [DEBUG] [org.gradle.cache.internal.DefaultFileLockManager] Waiting to acquire shared lock on daemon addresses registry.
2024-06-06T17:36:02.096-0500 [DEBUG] [org.gradle.cache.internal.DefaultFileLockManager] Lock acquired on daemon addresses registry.
2024-06-06T17:36:02.096-0500 [DEBUG] [org.gradle.cache.internal.DefaultFileLockManager] Releasing lock on daemon addresses registry.
2024-06-06T17:36:02.097-0500 [DEBUG] [org.gradle.cache.internal.DefaultFileLockManager] Waiting to acquire shared lock on daemon addresses registry.
2024-06-06T17:36:02.097-0500 [DEBUG] [org.gradle.cache.internal.DefaultFileLockManager] Lock acquired on daemon addresses registry.
2024-06-06T17:36:02.097-0500 [DEBUG] [org.gradle.cache.internal.DefaultFileLockManager] Releasing lock on daemon addresses registry.
2024-06-06T17:36:02.097-0500 [DEBUG] [org.gradle.cache.internal.DefaultFileLockManager] Waiting to acquire shared lock on daemon addresses registry.
2024-06-06T17:36:02.098-0500 [DEBUG] [org.gradle.cache.internal.DefaultFileLockManager] Lock acquired on daemon addresses registry.
2024-06-06T17:36:02.098-0500 [DEBUG] [org.gradle.cache.internal.DefaultFileLockManager] Releasing lock on daemon addresses registry.
2024-06-06T17:36:12.093-0500 [DEBUG] [org.gradle.cache.internal.DefaultFileLockManager] Waiting to acquire shared lock on daemon addresses registry.
2024-06-06T17:36:12.093-0500 [DEBUG] [org.gradle.cache.internal.DefaultFileLockManager] Lock acquired on daemon addresses registry.
2024-06-06T17:36:12.094-0500 [DEBUG] [org.gradle.cache.internal.DefaultFileLockManager] Releasing lock on daemon addresses registry.
2024-06-06T17:36:12.094-0500 [DEBUG] [org.gradle.cache.internal.DefaultFileLockManager] Waiting to acquire shared lock on daemon addresses registry.
2024-06-06T17:36:12.094-0500 [DEBUG] [org.gradle.cache.internal.DefaultFileLockManager] Lock acquired on daemon addresses registry.
2024-06-06T17:36:12.095-0500 [DEBUG] [org.gradle.cache.internal.DefaultFileLockManager] Releasing lock on daemon addresses registry.
2024-06-06T17:36:12.095-0500 [DEBUG] [org.gradle.cache.internal.DefaultFileLockManager] Waiting to acquire shared lock on daemon addresses registry.
2024-06-06T17:36:12.095-0500 [DEBUG] [org.gradle.cache.internal.DefaultFileLockManager] Lock acquired on daemon addresses registry.
2024-06-06T17:36:12.095-0500 [DEBUG] [org.gradle.cache.internal.DefaultFileLockManager] Releasing lock on daemon addresses registry.
2024-06-06T17:36:22.094-0500 [DEBUG] [org.gradle.cache.internal.DefaultFileLockManager] Waiting to acquire shared lock on daemon addresses registry.
2024-06-06T17:36:22.095-0500 [DEBUG] [org.gradle.cache.internal.DefaultFileLockManager] Lock acquired on daemon addresses registry.
2024-06-06T17:36:22.096-0500 [DEBUG] [org.gradle.cache.internal.DefaultFileLockManager] Releasing lock on daemon addresses registry.
2024-06-06T17:36:22.096-0500 [DEBUG] [org.gradle.cache.internal.DefaultFileLockManager] Waiting to acquire shared lock on daemon addresses registry.
2024-06-06T17:36:22.096-0500 [DEBUG] [org.gradle.cache.internal.DefaultFileLockManager] Lock acquired on daemon addresses registry.
2024-06-06T17:36:22.102-0500 [DEBUG] [org.gradle.cache.internal.DefaultFileLockManager] Releasing lock on daemon addresses registry.
2024-06-06T17:36:22.103-0500 [DEBUG] [org.gradle.cache.internal.DefaultFileLockManager] Waiting to acquire shared lock on daemon addresses registry.
2024-06-06T17:36:22.103-0500 [DEBUG] [org.gradle.cache.internal.DefaultFileLockManager] Lock acquired on daemon addresses registry.
2024-06-06T17:36:22.103-0500 [DEBUG] [org.gradle.cache.internal.DefaultFileLockManager] Releasing lock on daemon addresses registry.
2024-06-06T17:36:32.092-0500 [DEBUG] [org.gradle.cache.internal.DefaultFileLockManager] Waiting to acquire shared lock on daemon addresses registry.
2024-06-06T17:36:32.092-0500 [DEBUG] [org.gradle.cache.internal.DefaultFileLockManager] Lock acquired on daemon addresses registry.
2024-06-06T17:36:32.093-0500 [DEBUG] [org.gradle.cache.internal.DefaultFileLockManager] Releasing lock on daemon addresses registry.
2024-06-06T17:36:32.094-0500 [DEBUG] [org.gradle.cache.internal.DefaultFileLockManager] Waiting to acquire shared lock on daemon addresses registry.
2024-06-06T17:36:32.094-0500 [DEBUG] [org.gradle.cache.internal.DefaultFileLockManager] Lock acquired on daemon addresses registry.
2024-06-06T17:36:32.094-0500 [DEBUG] [org.gradle.cache.internal.DefaultFileLockManager] Releasing lock on daemon addresses registry.
2024-06-06T17:36:32.094-0500 [DEBUG] [org.gradle.cache.internal.DefaultFileLockManager] Waiting to acquire shared lock on daemon addresses registry.
2024-06-06T17:36:32.094-0500 [DEBUG] [org.gradle.cache.internal.DefaultFileLockManager] Lock acquired on daemon addresses registry.
2024-06-06T17:36:32.094-0500 [DEBUG] [org.gradle.cache.internal.DefaultFileLockManager] Releasing lock on daemon addresses registry.
2024-06-06T17:36:42.095-0500 [DEBUG] [org.gradle.cache.internal.DefaultFileLockManager] Waiting to acquire shared lock on daemon addresses registry.
2024-06-06T17:36:42.095-0500 [DEBUG] [org.gradle.cache.internal.DefaultFileLockManager] Lock acquired on daemon addresses registry.
2024-06-06T17:36:42.095-0500 [DEBUG] [org.gradle.cache.internal.DefaultFileLockManager] Releasing lock on daemon addresses registry.
2024-06-06T17:36:42.095-0500 [DEBUG] [org.gradle.cache.internal.DefaultFileLockManager] Waiting to acquire shared lock on daemon addresses registry.
2024-06-06T17:36:42.096-0500 [DEBUG] [org.gradle.cache.internal.DefaultFileLockManager] Lock acquired on daemon addresses registry.
2024-06-06T17:36:42.096-0500 [DEBUG] [org.gradle.cache.internal.DefaultFileLockManager] Releasing lock on daemon addresses registry.
2024-06-06T17:36:42.096-0500 [DEBUG] [org.gradle.cache.internal.DefaultFileLockManager] Waiting to acquire shared lock on daemon addresses registry.
2024-06-06T17:36:42.096-0500 [DEBUG] [org.gradle.cache.internal.DefaultFileLockManager] Lock acquired on daemon addresses registry.
2024-06-06T17:36:42.096-0500 [DEBUG] [org.gradle.cache.internal.DefaultFileLockManager] Releasing lock on daemon addresses registry.
2024-06-06T17:36:52.094-0500 [DEBUG] [org.gradle.cache.internal.DefaultFileLockManager] Waiting to acquire shared lock on daemon addresses registry.
2024-06-06T17:36:52.095-0500 [DEBUG] [org.gradle.cache.internal.DefaultFileLockManager] Lock acquired on daemon addresses registry.
2024-06-06T17:36:52.095-0500 [DEBUG] [org.gradle.cache.internal.DefaultFileLockManager] Releasing lock on daemon addresses registry.
2024-06-06T17:36:52.095-0500 [DEBUG] [org.gradle.cache.internal.DefaultFileLockManager] Waiting to acquire shared lock on daemon addresses registry.
2024-06-06T17:36:52.095-0500 [DEBUG] [org.gradle.cache.internal.DefaultFileLockManager] Lock acquired on daemon addresses registry.
2024-06-06T17:36:52.096-0500 [DEBUG] [org.gradle.cache.internal.DefaultFileLockManager] Releasing lock on daemon addresses registry.
2024-06-06T17:36:52.096-0500 [DEBUG] [org.gradle.cache.internal.DefaultFileLockManager] Waiting to acquire shared lock on daemon addresses registry.
2024-06-06T17:36:52.096-0500 [DEBUG] [org.gradle.cache.internal.DefaultFileLockManager] Lock acquired on daemon addresses registry.
2024-06-06T17:36:52.096-0500 [DEBUG] [org.gradle.cache.internal.DefaultFileLockManager] Releasing lock on daemon addresses registry.
2024-06-06T17:37:02.097-0500 [DEBUG] [org.gradle.cache.internal.DefaultFileLockManager] Waiting to acquire shared lock on daemon addresses registry.
2024-06-06T17:37:02.098-0500 [DEBUG] [org.gradle.cache.internal.DefaultFileLockManager] Lock acquired on daemon addresses registry.
2024-06-06T17:37:02.098-0500 [DEBUG] [org.gradle.cache.internal.DefaultFileLockManager] Releasing lock on daemon addresses registry.
2024-06-06T17:37:02.099-0500 [DEBUG] [org.gradle.cache.internal.DefaultFileLockManager] Waiting to acquire shared lock on daemon addresses registry.
2024-06-06T17:37:02.100-0500 [DEBUG] [org.gradle.cache.internal.DefaultFileLockManager] Lock acquired on daemon addresses registry.
2024-06-06T17:37:02.101-0500 [DEBUG] [org.gradle.cache.internal.DefaultFileLockManager] Releasing lock on daemon addresses registry.
2024-06-06T17:37:02.101-0500 [DEBUG] [org.gradle.cache.internal.DefaultFileLockManager] Waiting to acquire shared lock on daemon addresses registry.
2024-06-06T17:37:02.102-0500 [DEBUG] [org.gradle.cache.internal.DefaultFileLockManager] Lock acquired on daemon addresses registry.
2024-06-06T17:37:02.102-0500 [DEBUG] [org.gradle.cache.internal.DefaultFileLockManager] Releasing lock on daemon addresses registry.
2024-06-06T17:37:12.107-0500 [DEBUG] [org.gradle.cache.internal.DefaultFileLockManager] Waiting to acquire shared lock on daemon addresses registry.
2024-06-06T17:37:12.108-0500 [DEBUG] [org.gradle.cache.internal.DefaultFileLockManager] Lock acquired on daemon addresses registry.
2024-06-06T17:37:12.108-0500 [DEBUG] [org.gradle.cache.internal.DefaultFileLockManager] Releasing lock on daemon addresses registry.
2024-06-06T17:37:12.109-0500 [DEBUG] [org.gradle.cache.internal.DefaultFileLockManager] Waiting to acquire shared lock on daemon addresses registry.
2024-06-06T17:37:12.109-0500 [DEBUG] [org.gradle.cache.internal.DefaultFileLockManager] Lock acquired on daemon addresses registry.
2024-06-06T17:37:12.109-0500 [DEBUG] [org.gradle.cache.internal.DefaultFileLockManager] Releasing lock on daemon addresses registry.
2024-06-06T17:37:12.109-0500 [DEBUG] [org.gradle.cache.internal.DefaultFileLockManager] Waiting to acquire shared lock on daemon addresses registry.
2024-06-06T17:37:12.109-0500 [DEBUG] [org.gradle.cache.internal.DefaultFileLockManager] Lock acquired on daemon addresses registry.
2024-06-06T17:37:12.110-0500 [DEBUG] [org.gradle.cache.internal.DefaultFileLockManager] Releasing lock on daemon addresses registry.
2024-06-06T17:37:22.096-0500 [DEBUG] [org.gradle.cache.internal.DefaultFileLockManager] Waiting to acquire shared lock on daemon addresses registry.
2024-06-06T17:37:22.097-0500 [DEBUG] [org.gradle.cache.internal.DefaultFileLockManager] Lock acquired on daemon addresses registry.
2024-06-06T17:37:22.097-0500 [DEBUG] [org.gradle.cache.internal.DefaultFileLockManager] Releasing lock on daemon addresses registry.
2024-06-06T17:37:22.097-0500 [DEBUG] [org.gradle.cache.internal.DefaultFileLockManager] Waiting to acquire shared lock on daemon addresses registry.
2024-06-06T17:37:22.097-0500 [DEBUG] [org.gradle.cache.internal.DefaultFileLockManager] Lock acquired on daemon addresses registry.
2024-06-06T17:37:22.097-0500 [DEBUG] [org.gradle.cache.internal.DefaultFileLockManager] Releasing lock on daemon addresses registry.
2024-06-06T17:37:22.097-0500 [DEBUG] [org.gradle.cache.internal.DefaultFileLockManager] Waiting to acquire shared lock on daemon addresses registry.
2024-06-06T17:37:22.097-0500 [DEBUG] [org.gradle.cache.internal.DefaultFileLockManager] Lock acquired on daemon addresses registry.
2024-06-06T17:37:22.097-0500 [DEBUG] [org.gradle.cache.internal.DefaultFileLockManager] Releasing lock on daemon addresses registry.
2024-06-06T17:37:32.095-0500 [DEBUG] [org.gradle.cache.internal.DefaultFileLockManager] Waiting to acquire shared lock on daemon addresses registry.
2024-06-06T17:37:32.095-0500 [DEBUG] [org.gradle.cache.internal.DefaultFileLockManager] Lock acquired on daemon addresses registry.
2024-06-06T17:37:32.095-0500 [DEBUG] [org.gradle.cache.internal.DefaultFileLockManager] Releasing lock on daemon addresses registry.
2024-06-06T17:37:32.095-0500 [DEBUG] [org.gradle.cache.internal.DefaultFileLockManager] Waiting to acquire shared lock on daemon addresses registry.
2024-06-06T17:37:32.095-0500 [DEBUG] [org.gradle.cache.internal.DefaultFileLockManager] Lock acquired on daemon addresses registry.
2024-06-06T17:37:32.096-0500 [DEBUG] [org.gradle.cache.internal.DefaultFileLockManager] Releasing lock on daemon addresses registry.
2024-06-06T17:37:32.096-0500 [DEBUG] [org.gradle.cache.internal.DefaultFileLockManager] Waiting to acquire shared lock on daemon addresses registry.
2024-06-06T17:37:32.096-0500 [DEBUG] [org.gradle.cache.internal.DefaultFileLockManager] Lock acquired on daemon addresses registry.
2024-06-06T17:37:32.096-0500 [DEBUG] [org.gradle.cache.internal.DefaultFileLockManager] Releasing lock on daemon addresses registry.
2024-06-06T17:37:42.094-0500 [DEBUG] [org.gradle.cache.internal.DefaultFileLockManager] Waiting to acquire shared lock on daemon addresses registry.
2024-06-06T17:37:42.094-0500 [DEBUG] [org.gradle.cache.internal.DefaultFileLockManager] Lock acquired on daemon addresses registry.
2024-06-06T17:37:42.095-0500 [DEBUG] [org.gradle.cache.internal.DefaultFileLockManager] Releasing lock on daemon addresses registry.
2024-06-06T17:37:42.095-0500 [DEBUG] [org.gradle.cache.internal.DefaultFileLockManager] Waiting to acquire shared lock on daemon addresses registry.
2024-06-06T17:37:42.095-0500 [DEBUG] [org.gradle.cache.internal.DefaultFileLockManager] Lock acquired on daemon addresses registry.
2024-06-06T17:37:42.095-0500 [DEBUG] [org.gradle.cache.internal.DefaultFileLockManager] Releasing lock on daemon addresses registry.
2024-06-06T17:37:42.096-0500 [DEBUG] [org.gradle.cache.internal.DefaultFileLockManager] Waiting to acquire shared lock on daemon addresses registry.
2024-06-06T17:37:42.096-0500 [DEBUG] [org.gradle.cache.internal.DefaultFileLockManager] Lock acquired on daemon addresses registry.
2024-06-06T17:37:42.096-0500 [DEBUG] [org.gradle.cache.internal.DefaultFileLockManager] Releasing lock on daemon addresses registry.
2024-06-06T17:37:42.582-0500 [DEBUG] [org.gradle.internal.remote.internal.inet.TcpIncomingConnector] Accepted connection from /127.0.0.1:52989 to /127.0.0.1:51633.
2024-06-06T17:37:42.668-0500 [DEBUG] [org.gradle.launcher.daemon.server.SynchronizedDispatchConnection] thread 1284: received class org.gradle.launcher.daemon.protocol.Stop
2024-06-06T17:37:42.669-0500 [DEBUG] [org.gradle.launcher.daemon.server.DefaultDaemonConnection] thread 1284: Received non-IO message from client: Stop[id=7c3d38d7-e67d-4419-8f53-8aa10c6d06d8]
2024-06-06T17:37:42.669-0500 [INFO] [org.gradle.launcher.daemon.server.DefaultIncomingConnectionHandler] Received command: Stop[id=7c3d38d7-e67d-4419-8f53-8aa10c6d06d8].
2024-06-06T17:37:42.669-0500 [DEBUG] [org.gradle.launcher.daemon.server.DefaultIncomingConnectionHandler] Starting executing command: Stop[id=7c3d38d7-e67d-4419-8f53-8aa10c6d06d8] with connection: socket connection from /127.0.0.1:51633 to /127.0.0.1:52989.
2024-06-06T17:37:42.670-0500 [DEBUG] [org.gradle.launcher.daemon.server.DaemonRegistryUpdater] Storing daemon stop event: stop command received
2024-06-06T17:37:42.677-0500 [DEBUG] [org.gradle.launcher.daemon.registry.PersistentDaemonRegistry] Storing daemon stop event with timestamp 1717713462671
2024-06-06T17:37:42.678-0500 [DEBUG] [org.gradle.cache.internal.DefaultFileLockManager] Waiting to acquire exclusive lock on daemon addresses registry.
2024-06-06T17:37:42.678-0500 [DEBUG] [org.gradle.cache.internal.DefaultFileLockManager] Lock acquired on daemon addresses registry.
2024-06-06T17:37:42.679-0500 [DEBUG] [org.gradle.cache.internal.DefaultFileLockManager] Releasing lock on daemon addresses registry.
2024-06-06T17:37:42.679-0500 [LIFECYCLE] [org.gradle.launcher.daemon.server.DaemonStateCoordinator] Daemon is stopping immediately stop command received
2024-06-06T17:37:42.679-0500 [DEBUG] [org.gradle.launcher.daemon.server.DaemonStateCoordinator] Marking daemon stopped due to stop command received. The daemon is running a build: false
2024-06-06T17:37:42.679-0500 [DEBUG] [org.gradle.launcher.daemon.server.DaemonStateCoordinator] daemon has stopped.
2024-06-06T17:37:42.680-0500 [DEBUG] [org.gradle.launcher.daemon.server.SynchronizedDispatchConnection] thread 1283: dispatching Success[value=null]
2024-06-06T17:37:42.680-0500 [DEBUG] [org.gradle.launcher.daemon.server.Daemon] stop() called on daemon
2024-06-06T17:37:42.680-0500 [INFO] [org.gradle.launcher.daemon.server.Daemon] Stop requested. Daemon is removing its presence from the registry...
2024-06-06T17:37:42.680-0500 [DEBUG] [org.gradle.launcher.daemon.server.DefaultIncomingConnectionHandler] Finishing executing command: Stop[id=7c3d38d7-e67d-4419-8f53-8aa10c6d06d8]
2024-06-06T17:37:42.681-0500 [DEBUG] [org.gradle.launcher.daemon.server.SynchronizedDispatchConnection] thread 1284: received class org.gradle.launcher.daemon.protocol.Finished
2024-06-06T17:37:42.681-0500 [DEBUG] [org.gradle.launcher.daemon.server.DefaultDaemonConnection] thread 1284: Received non-IO message from client: org.gradle.launcher.daemon.protocol.Finished@65399d08
2024-06-06T17:37:42.681-0500 [DEBUG] [org.gradle.launcher.daemon.server.DefaultIncomingConnectionHandler] Received finished message: org.gradle.launcher.daemon.protocol.Finished@65399d08
2024-06-06T17:37:42.681-0500 [DEBUG] [org.gradle.launcher.daemon.server.SynchronizedDispatchConnection] thread 1283: stopping connection
2024-06-06T17:37:42.683-0500 [DEBUG] [org.gradle.internal.remote.internal.inet.SocketConnection] Discarding EOFException: java.io.EOFException
2024-06-06T17:37:42.683-0500 [DEBUG] [org.gradle.launcher.daemon.server.SynchronizedDispatchConnection] thread 1284: received null
2024-06-06T17:37:42.683-0500 [DEBUG] [org.gradle.launcher.daemon.server.DefaultDaemonConnection] thread 1284: Received end-of-input from client.
2024-06-06T17:37:42.684-0500 [DEBUG] [org.gradle.launcher.daemon.server.SynchronizedDispatchConnection] thread 1283: stopping connection
2024-06-06T17:37:42.685-0500 [DEBUG] [org.gradle.launcher.daemon.server.DaemonRegistryUpdater] Removing our presence to clients, eg. removing this address from the registry: [b05bccea-4b99-43d7-aa15-fac7a48638b2 port:51633, addresses:[localhost/127.0.0.1]]
2024-06-06T17:37:42.685-0500 [DEBUG] [org.gradle.launcher.daemon.registry.PersistentDaemonRegistry] Removing daemon address: [b05bccea-4b99-43d7-aa15-fac7a48638b2 port:51633, addresses:[localhost/127.0.0.1]]
2024-06-06T17:37:42.686-0500 [DEBUG] [org.gradle.cache.internal.DefaultFileLockManager] Waiting to acquire exclusive lock on daemon addresses registry.
2024-06-06T17:37:42.687-0500 [DEBUG] [org.gradle.cache.internal.DefaultFileLockManager] Lock acquired on daemon addresses registry.
2024-06-06T17:37:42.688-0500 [DEBUG] [org.gradle.cache.internal.DefaultFileLockManager] Releasing lock on daemon addresses registry.
2024-06-06T17:37:42.688-0500 [DEBUG] [org.gradle.launcher.daemon.server.DaemonRegistryUpdater] Address removed from registry.
2024-06-06T17:37:42.693-0500 [DEBUG] [org.gradle.cache.internal.LockOnDemandCrossProcessCacheAccess] Releasing file lock for jars (/Users/victoriamarin/.gradle/caches/jars-9)
2024-06-06T17:37:42.694-0500 [DEBUG] [org.gradle.cache.internal.DefaultFileLockManager] Releasing lock on jars (/Users/victoriamarin/.gradle/caches/jars-9).
2024-06-06T17:37:42.714-0500 [DEBUG] [org.gradle.cache.internal.LockOnDemandCrossProcessCacheAccess] Releasing file lock for file content cache (/Users/victoriamarin/.gradle/caches/7.2/fileContent)
2024-06-06T17:37:42.714-0500 [DEBUG] [org.gradle.cache.internal.DefaultFileLockManager] Releasing lock on file content cache (/Users/victoriamarin/.gradle/caches/7.2/fileContent).
2024-06-06T17:37:42.739-0500 [DEBUG] [org.gradle.cache.internal.LockOnDemandCrossProcessCacheAccess] Releasing file lock for Artifact transforms cache (/Users/victoriamarin/.gradle/caches/transforms-3)
2024-06-06T17:37:42.739-0500 [DEBUG] [org.gradle.cache.internal.DefaultFileLockManager] Releasing lock on Artifact transforms cache (/Users/victoriamarin/.gradle/caches/transforms-3).
2024-06-06T17:37:42.740-0500 [DEBUG] [org.gradle.internal.watch.registry.impl.DefaultFileWatcherRegistry] Finished listening to file system change events
2024-06-06T17:37:42.742-0500 [DEBUG] [org.gradle.cache.internal.LockOnDemandCrossProcessCacheAccess] Releasing file lock for artifact cache (/Users/victoriamarin/.gradle/caches/modules-2)
2024-06-06T17:37:42.743-0500 [DEBUG] [org.gradle.cache.internal.btree.BTreePersistentIndexedCache] Closing cache module-metadata.bin (/Users/victoriamarin/.gradle/caches/modules-2/metadata-2.97/module-metadata.bin)
2024-06-06T17:37:42.744-0500 [DEBUG] [org.gradle.cache.internal.btree.BTreePersistentIndexedCache] Closing cache module-artifact.bin (/Users/victoriamarin/.gradle/caches/modules-2/metadata-2.97/module-artifact.bin)
2024-06-06T17:37:42.744-0500 [DEBUG] [org.gradle.cache.internal.btree.BTreePersistentIndexedCache] Closing cache module-artifacts.bin (/Users/victoriamarin/.gradle/caches/modules-2/metadata-2.97/module-artifacts.bin)
2024-06-06T17:37:42.744-0500 [DEBUG] [org.gradle.cache.internal.btree.BTreePersistentIndexedCache] Closing cache resource-at-url.bin (/Users/victoriamarin/.gradle/caches/modules-2/metadata-2.97/resource-at-url.bin)
2024-06-06T17:37:42.744-0500 [DEBUG] [org.gradle.cache.internal.DefaultFileLockManager] Releasing lock on artifact cache (/Users/victoriamarin/.gradle/caches/modules-2).
2024-06-06T17:37:42.746-0500 [DEBUG] [org.gradle.cache.internal.DefaultCacheAccess] Cache Generated Gradle JARs cache (/Users/victoriamarin/.gradle/caches/7.2/generated-gradle-jars) was closed 0 times.
2024-06-06T17:37:42.746-0500 [DEBUG] [org.gradle.cache.internal.LockOnDemandCrossProcessCacheAccess] Releasing file lock for journal cache (/Users/victoriamarin/.gradle/caches/journal-1)
2024-06-06T17:37:42.746-0500 [DEBUG] [org.gradle.cache.internal.btree.BTreePersistentIndexedCache] Closing cache file-access.bin (/Users/victoriamarin/.gradle/caches/journal-1/file-access.bin)
2024-06-06T17:37:42.747-0500 [DEBUG] [org.gradle.cache.internal.DefaultFileLockManager] Releasing lock on journal cache (/Users/victoriamarin/.gradle/caches/journal-1).
2024-06-06T17:37:42.749-0500 [DEBUG] [org.gradle.cache.internal.LockOnDemandCrossProcessCacheAccess] Releasing file lock for file hash cache (/Users/victoriamarin/.gradle/caches/7.2/fileHashes)
2024-06-06T17:37:42.749-0500 [DEBUG] [org.gradle.cache.internal.btree.BTreePersistentIndexedCache] Closing cache fileHashes.bin (/Users/victoriamarin/.gradle/caches/7.2/fileHashes/fileHashes.bin)
2024-06-06T17:37:42.749-0500 [DEBUG] [org.gradle.cache.internal.btree.BTreePersistentIndexedCache] Closing cache resourceHashesCache.bin (/Users/victoriamarin/.gradle/caches/7.2/fileHashes/resourceHashesCache.bin)
2024-06-06T17:37:42.750-0500 [DEBUG] [org.gradle.cache.internal.DefaultFileLockManager] Releasing lock on file hash cache (/Users/victoriamarin/.gradle/caches/7.2/fileHashes).
2024-06-06T17:37:42.752-0500 [DEBUG] [org.gradle.cache.internal.LockOnDemandCrossProcessCacheAccess] Releasing file lock for execution history cache (/Users/victoriamarin/.gradle/caches/7.2/executionHistory)
2024-06-06T17:37:42.752-0500 [DEBUG] [org.gradle.cache.internal.btree.BTreePersistentIndexedCache] Closing cache executionHistory.bin (/Users/victoriamarin/.gradle/caches/7.2/executionHistory/executionHistory.bin)
2024-06-06T17:37:42.752-0500 [DEBUG] [org.gradle.cache.internal.DefaultFileLockManager] Releasing lock on execution history cache (/Users/victoriamarin/.gradle/caches/7.2/executionHistory).
2024-06-06T17:37:42.754-0500 [DEBUG] [org.gradle.cache.internal.LockOnDemandCrossProcessCacheAccess] Releasing file lock for Java compile cache (/Users/victoriamarin/.gradle/caches/7.2/javaCompile)
2024-06-06T17:37:42.754-0500 [DEBUG] [org.gradle.cache.internal.btree.BTreePersistentIndexedCache] Closing cache jarAnalysis.bin (/Users/victoriamarin/.gradle/caches/7.2/javaCompile/jarAnalysis.bin)
2024-06-06T17:37:42.754-0500 [DEBUG] [org.gradle.cache.internal.btree.BTreePersistentIndexedCache] Closing cache classAnalysis.bin (/Users/victoriamarin/.gradle/caches/7.2/javaCompile/classAnalysis.bin)
2024-06-06T17:37:42.754-0500 [DEBUG] [org.gradle.cache.internal.DefaultFileLockManager] Releasing lock on Java compile cache (/Users/victoriamarin/.gradle/caches/7.2/javaCompile).
2024-06-06T17:37:42.760-0500 [DEBUG] [org.gradle.cache.internal.VersionSpecificCacheCleanupAction] Processed version-specific caches at /Users/victoriamarin/.gradle/caches for cleanup in 0.003 secs
Daemon vm is shutting down... The daemon has exited normally or was terminated in response to a user interrupt.
2024-06-06T17:37:42.766-0500 [DEBUG] [org.gradle.launcher.daemon.registry.PersistentDaemonRegistry] Removing daemon address: [b05bccea-4b99-43d7-aa15-fac7a48638b2 port:51633, addresses:[localhost/127.0.0.1]]
2024-06-06T17:37:42.767-0500 [DEBUG] [org.gradle.cache.internal.DefaultFileLockManager] Waiting to acquire exclusive lock on daemon addresses registry.
2024-06-06T17:37:42.768-0500 [DEBUG] [org.gradle.cache.internal.DefaultFileLockManager] Lock acquired on daemon addresses registry.
2024-06-06T17:37:42.769-0500 [DEBUG] [org.gradle.cache.internal.DefaultFileLockManager] Releasing lock on daemon addresses registry.
